gid,role,role_score,cluster_id,priority_score,evidence
100000000011452100,consolidator,0.787080,0,0.485742,3 плательщиков; наблюдаемый исходящий поток — 15% входящего. Признаки консолидации.
100000000018102100,peripheral,0.100000,1,0.038615,Обрыв на четвёртом колене: дальнейшие исходящие не наблюдаются; конечный получатель не подтверждён.
100000000031787100,transit,1.000000,2,0.261439,"Получает от 1, переводит 2 получателям; масштаб наблюдаемых исходящих — 100% входящих. Признаки транзита."
100000000041368100,terminal,1.000000,1,0.461052,Видны входящие от 1 плательщиков; исходящие — 0% наблюдаемого входящего. Возможный конечный получатель.
100000000076451100,peripheral,0.300000,3,0.716230,Наблюдаемые признаки не достигли порогов других ролей; требуется ручная проверка.
100000000089154100,distributor,0.750000,0,0.311969,Переводит средства 15 различным получателям; признаки веерного распределения.
100000000190228100,peripheral,0.300000,2,0.327401,Наблюдаемые признаки не достигли порогов других ролей; требуется ручная проверка.
100000000201868100,transit,1.000000,3,0.306432,"Получает от 1, переводит 1 получателям; масштаб наблюдаемых исходящих — 100% входящих. Признаки транзита."
100000000254336100,peripheral,0.300000,4,0.632253,Наблюдаемые признаки не достигли порогов других ролей; требуется ручная проверка.
100000000267734100,peripheral,0.300000,2,0.579693,Наблюдаемые признаки не достигли порогов других ролей; требуется ручная проверка.
100000000274067100,peripheral,0.300000,2,0.454815,Наблюдаемые признаки не достигли порогов других ролей; требуется ручная проверка.
100000000287768100,terminal,1.000000,5,0.188155,Видны входящие от 1 плательщиков; исходящие — 0% наблюдаемого входящего. Возможный конечный получатель.
100000000288317100,peripheral,0.300000,1,0.552680,Наблюдаемые признаки не достигли порогов других ролей; требуется ручная проверка.
100000000291906100,transit,0.562796,6,0.684003,"Получает от 2, переводит 2 получателям; масштаб наблюдаемых исходящих — 117% входящих. Признаки транзита."
100000000291908100,terminal,0.549915,6,0.493273,Видны входящие от 1 плательщиков; исходящие — 5% наблюдаемого входящего. Возможный конечный получатель.
100000000297649100,peripheral,0.300000,7,0.324063,Наблюдаемые признаки не достигли порогов других ролей; требуется ручная проверка.
100000000299820100,peripheral,0.100000,5,0.047828,Обрыв на четвёртом колене: дальнейшие исходящие не наблюдаются; конечный получатель не подтверждён.
100000000307908100,terminal,1.000000,8,0.068795,Видны входящие от 1 плательщиков; исходящие — 0% наблюдаемого входящего. Возможный конечный получатель.
100000000331309100,coordinator,0.848109,9,0.964575,Достижим от 4 исходных клиентов; связывает части наблюдаемого графа (центральность 0.0028). Кандидат для проверки.
100000000332284100,peripheral,0.300000,0,0.750276,Наблюдаемые признаки не достигли порогов других ролей; требуется ручная проверка.
100000000343175100,distributor,1.000000,10,0.888916,Переводит средства 31 различным получателям; признаки веерного распределения.
100000000369781100,peripheral,0.100000,9,0.168433,Обрыв на четвёртом колене: дальнейшие исходящие не наблюдаются; конечный получатель не подтверждён.
100000000375150100,peripheral,0.100000,11,0.275064,Обрыв на четвёртом колене: дальнейшие исходящие не наблюдаются; конечный получатель не подтверждён.
100000000404740100,peripheral,0.100000,12,0.113649,Обрыв на четвёртом колене: дальнейшие исходящие не наблюдаются; конечный получатель не подтверждён.
100000000408846100,terminal,1.000000,13,0.197233,Видны входящие от 1 плательщиков; исходящие — 0% наблюдаемого входящего. Возможный конечный получатель.
100000000413678100,peripheral,0.300000,1,0.761403,Наблюдаемые признаки не достигли порогов других ролей; требуется ручная проверка.
100000000424935100,peripheral,0.100000,14,0.071058,Обрыв на четвёртом колене: дальнейшие исходящие не наблюдаются; конечный получатель не подтверждён.
100000000425407100,terminal,1.000000,0,0.137420,Видны входящие от 1 плательщиков; исходящие — 0% наблюдаемого входящего. Возможный конечный получатель.
100000000437046100,coordinator,0.847441,5,0.969248,Достижим от 4 исходных клиентов; связывает части наблюдаемого графа (центральность 0.0020). Кандидат для проверки.
100000000440392100,terminal,1.000000,3,0.369641,Видны входящие от 1 плательщиков; исходящие — 0% наблюдаемого входящего. Возможный конечный получатель.
100000000456947100,peripheral,0.100000,15,0.000000,Связи в предоставленной выгрузке отсутствуют; роль не определяется по наблюдаемому графу.
100000000470237100,peripheral,0.100000,14,0.137948,Обрыв на четвёртом колене: дальнейшие исходящие не наблюдаются; конечный получатель не подтверждён.
100000000481716100,terminal,1.000000,16,0.086820,Видны входящие от 1 плательщиков; исходящие — 0% наблюдаемого входящего. Возможный конечный получатель.
100000000489417100,transit,0.779060,0,0.691701,"Получает от 3, переводит 1 получателям; масштаб наблюдаемых исходящих — 109% входящих. Признаки транзита."
100000000490383100,distributor,0.633333,3,0.766130,Переводит средства 8 различным получателям; признаки веерного распределения.
100000000500040100,peripheral,0.100000,0,0.196470,Обрыв на четвёртом колене: дальнейшие исходящие не наблюдаются; конечный получатель не подтверждён.
100000000507799100,peripheral,0.300000,17,0.324908,Наблюдаемые признаки не достигли порогов других ролей; требуется ручная проверка.
100000000533217100,terminal,1.000000,0,0.222334,Видны входящие от 1 плательщиков; исходящие — 0% наблюдаемого входящего. Возможный конечный получатель.
100000000534581100,peripheral,0.300000,5,0.640931,Наблюдаемые признаки не достигли порогов других ролей; требуется ручная проверка.
100000000542087100,peripheral,0.100000,9,0.188861,Обрыв на четвёртом колене: дальнейшие исходящие не наблюдаются; конечный получатель не подтверждён.
100000000552584100,terminal,0.770000,18,0.465903,Видны входящие от 1 плательщиков; исходящие — 2% наблюдаемого входящего. Возможный конечный получатель.
100000000555721100,terminal,1.000000,0,0.530034,Видны входящие от 2 плательщиков; исходящие — 0% наблюдаемого входящего. Возможный конечный получатель.
100000000557536100,peripheral,0.100000,9,0.384722,Обрыв на четвёртом колене: дальнейшие исходящие не наблюдаются; конечный получатель не подтверждён.
100000000560751100,terminal,1.000000,0,0.262699,Видны входящие от 1 плательщиков; исходящие — 0% наблюдаемого входящего. Возможный конечный получатель.
100000000561160100,peripheral,0.100000,1,0.369501,Обрыв на четвёртом колене: дальнейшие исходящие не наблюдаются; конечный получатель не подтверждён.
100000000569479100,terminal,1.000000,1,0.323268,Видны входящие от 1 плательщиков; исходящие — 0% наблюдаемого входящего. Возможный конечный получатель.
100000000572276100,peripheral,0.300000,19,0.066252,Наблюдаемые признаки не достигли порогов других ролей; требуется ручная проверка.
100000000580561100,peripheral,0.300000,20,0.277735,"Исходный клиент; входящие до начала обхода неизвестны, поэтому отношение потоков не применялось."
100000000581662100,peripheral,0.100000,21,0.102434,Обрыв на четвёртом колене: дальнейшие исходящие не наблюдаются; конечный получатель не подтверждён.
100000000581682100,peripheral,0.100000,14,0.023795,Обрыв на четвёртом колене: дальнейшие исходящие не наблюдаются; конечный получатель не подтверждён.
100000000583220100,peripheral,0.300000,22,0.286813,Наблюдаемые признаки не достигли порогов других ролей; требуется ручная проверка.
100000000594783100,peripheral,0.300000,18,0.421303,Наблюдаемые признаки не достигли порогов других ролей; требуется ручная проверка.
100000000596954100,peripheral,0.300000,1,0.577111,Наблюдаемые признаки не достигли порогов других ролей; требуется ручная проверка.
100000000600707100,peripheral,0.100000,23,0.205905,Обрыв на четвёртом колене: дальнейшие исходящие не наблюдаются; конечный получатель не подтверждён.
100000000607731100,peripheral,0.300000,24,0.092420,Наблюдаемые признаки не достигли порогов других ролей; требуется ручная проверка.
100000000607941100,peripheral,0.300000,3,0.650856,Наблюдаемые признаки не достигли порогов других ролей; требуется ручная проверка.
100000000608031100,peripheral,0.100000,25,0.129002,Обрыв на четвёртом колене: дальнейшие исходящие не наблюдаются; конечный получатель не подтверждён.
100000000611474100,terminal,1.000000,26,0.182147,Видны входящие от 1 плательщиков; исходящие — 0% наблюдаемого входящего. Возможный конечный получатель.
100000000625169100,terminal,1.000000,27,0.092828,Видны входящие от 1 плательщиков; исходящие — 0% наблюдаемого входящего. Возможный конечный получатель.
100000000627521100,peripheral,0.100000,9,0.181918,Обрыв на четвёртом колене: дальнейшие исходящие не наблюдаются; конечный получатель не подтверждён.
100000000629812100,terminal,1.000000,28,0.497546,Видны входящие от 2 плательщиков; исходящие — 0% наблюдаемого входящего. Возможный конечный получатель.
100000000634341100,peripheral,0.100000,5,0.110578,Обрыв на четвёртом колене: дальнейшие исходящие не наблюдаются; конечный получатель не подтверждён.
100000000640800100,peripheral,0.300000,29,0.391485,Наблюдаемые признаки не достигли порогов других ролей; требуется ручная проверка.
100000000646541100,consolidator,0.825000,0,0.526509,3 плательщиков; наблюдаемый исходящий поток — 0% входящего. Признаки консолидации.
100000000655469100,peripheral,0.100000,28,0.196470,Обрыв на четвёртом колене: дальнейшие исходящие не наблюдаются; конечный получатель не подтверждён.
100000000656682100,transit,0.683099,4,0.528684,"Получает от 1, переводит 2 получателям; масштаб наблюдаемых исходящих — 113% входящих. Признаки транзита."
100000000661131100,terminal,1.000000,30,0.122200,Видны входящие от 1 плательщиков; исходящие — 0% наблюдаемого входящего. Возможный конечный получатель.
100000000661912100,transit,0.760429,5,0.834382,"Получает от 5, переводит 2 получателям; масштаб наблюдаемых исходящих — 110% входящих. Признаки транзита."
100000000667713100,peripheral,0.300000,3,0.718234,Наблюдаемые признаки не достигли порогов других ролей; требуется ручная проверка.
100000000673868100,peripheral,0.300000,21,0.503012,Наблюдаемые признаки не достигли порогов других ролей; требуется ручная проверка.
100000000673915100,peripheral,0.100000,9,0.244668,Обрыв на четвёртом колене: дальнейшие исходящие не наблюдаются; конечный получатель не подтверждён.
100000000703894100,peripheral,0.300000,31,0.226866,Наблюдаемые признаки не достигли порогов других ролей; требуется ручная проверка.
100000000703902100,terminal,1.000000,32,0.163856,Видны входящие от 1 плательщиков; исходящие — 0% наблюдаемого входящего. Возможный конечный получатель.
100000000704700100,peripheral,0.100000,33,0.047828,Обрыв на четвёртом колене: дальнейшие исходящие не наблюдаются; конечный получатель не подтверждён.
100000000706545100,consolidator,0.807295,3,0.837545,3 плательщиков; наблюдаемый исходящий поток — 7% входящего. Признаки консолидации.
100000000718427100,terminal,1.000000,27,0.080010,Видны входящие от 1 плательщиков; исходящие — 0% наблюдаемого входящего. Возможный конечный получатель.
100000000723383100,peripheral,0.300000,28,0.231450,Наблюдаемые признаки не достигли порогов других ролей; требуется ручная проверка.
100000000724540100,peripheral,0.300000,34,0.500521,Наблюдаемые признаки не достигли порогов других ролей; требуется ручная проверка.
100000000733373100,terminal,1.000000,3,0.247879,Видны входящие от 1 плательщиков; исходящие — 0% наблюдаемого входящего. Возможный конечный получатель.
100000000733451100,peripheral,0.300000,11,0.454237,Наблюдаемые признаки не достигли порогов других ролей; требуется ручная проверка.
100000000733940100,peripheral,0.100000,35,0.306573,Обрыв на четвёртом колене: дальнейшие исходящие не наблюдаются; конечный получатель не подтверждён.
100000000737152100,peripheral,0.100000,1,0.286324,Обрыв на четвёртом колене: дальнейшие исходящие не наблюдаются; конечный получатель не подтверждён.
100000000749118100,peripheral,0.300000,4,0.320859,Наблюдаемые признаки не достигли порогов других ролей; требуется ручная проверка.
100000000764836100,peripheral,0.300000,5,0.444267,Наблюдаемые признаки не достигли порогов других ролей; требуется ручная проверка.
100000000765628100,terminal,1.000000,3,0.068795,Видны входящие от 1 плательщиков; исходящие — 0% наблюдаемого входящего. Возможный конечный получатель.
100000000769919100,terminal,1.000000,36,0.312053,Видны входящие от 1 плательщиков; исходящие — 0% наблюдаемого входящего. Возможный конечный получатель.
100000000782285100,terminal,1.000000,0,0.081880,Видны входящие от 1 плательщиков; исходящие — 0% наблюдаемого входящего. Возможный конечный получатель.
100000000783406100,terminal,1.000000,25,0.081479,Видны входящие от 1 плательщиков; исходящие — 0% наблюдаемого входящего. Возможный конечный получатель.
100000000785800100,transit,1.000000,37,0.145551,"Получает от 1, переводит 1 получателям; масштаб наблюдаемых исходящих — 100% входящих. Признаки транзита."
100000000790311100,terminal,1.000000,3,0.350016,Видны входящие от 1 плательщиков; исходящие — 0% наблюдаемого входящего. Возможный конечный получатель.
100000000791285100,peripheral,0.300000,13,0.487792,Наблюдаемые признаки не достигли порогов других ролей; требуется ручная проверка.
100000000795033100,terminal,1.000000,4,0.238667,Видны входящие от 1 плательщиков; исходящие — 0% наблюдаемого входящего. Возможный конечный получатель.
100000000795129100,terminal,1.000000,3,0.469508,Видны входящие от 1 плательщиков; исходящие — 0% наблюдаемого входящего. Возможный конечный получатель.
100000000795374100,terminal,1.000000,5,0.212187,Видны входящие от 1 плательщиков; исходящие — 0% наблюдаемого входящего. Возможный конечный получатель.
100000000802149100,terminal,1.000000,5,0.264523,Видны входящие от 1 плательщиков; исходящие — 0% наблюдаемого входящего. Возможный конечный получатель.
100000000803368100,peripheral,0.100000,16,0.233542,Обрыв на четвёртом колене: дальнейшие исходящие не наблюдаются; конечный получатель не подтверждён.
100000000806727100,peripheral,0.300000,29,0.351032,Наблюдаемые признаки не достигли порогов других ролей; требуется ручная проверка.
100000000810551100,peripheral,0.300000,1,0.570392,Наблюдаемые признаки не достигли порогов других ролей; требуется ручная проверка.
100000000817146100,terminal,1.000000,3,0.412454,Видны входящие от 1 плательщиков; исходящие — 0% наблюдаемого входящего. Возможный конечный получатель.
100000000821507100,terminal,1.000000,21,0.476985,Видны входящие от 1 плательщиков; исходящие — 0% наблюдаемого входящего. Возможный конечный получатель.
100000000831684100,peripheral,0.300000,7,0.071058,Наблюдаемые признаки не достигли порогов других ролей; требуется ручная проверка.
100000000838385100,peripheral,0.300000,14,0.463894,Наблюдаемые признаки не достигли порогов других ролей; требуется ручная проверка.
100000000850297100,transit,1.000000,38,0.140077,"Получает от 1, переводит 1 получателям; масштаб наблюдаемых исходящих — 100% входящих. Признаки транзита."
100000000860514100,peripheral,0.300000,12,0.219746,Наблюдаемые признаки не достигли порогов других ролей; требуется ручная проверка.
100000000861294100,terminal,1.000000,39,0.282547,Видны входящие от 1 плательщиков; исходящие — 0% наблюдаемого входящего. Возможный конечный получатель.
100000000870121100,terminal,1.000000,22,0.209828,Видны входящие от 1 плательщиков; исходящие — 0% наблюдаемого входящего. Возможный конечный получатель.
100000000878006100,terminal,1.000000,9,0.351885,Видны входящие от 1 плательщиков; исходящие — 0% наблюдаемого входящего. Возможный конечный получатель.
100000000896111100,terminal,1.000000,18,0.319263,Видны входящие от 1 плательщиков; исходящие — 0% наблюдаемого входящего. Возможный конечный получатель.
100000000907277100,terminal,1.000000,32,0.130344,Видны входящие от 1 плательщиков; исходящие — 0% наблюдаемого входящего. Возможный конечный получатель.
100000000910216100,peripheral,0.300000,0,0.493355,Наблюдаемые признаки не достигли порогов других ролей; требуется ручная проверка.
100000000912487100,terminal,1.000000,0,0.237466,Видны входящие от 1 плательщиков; исходящие — 0% наблюдаемого входящего. Возможный конечный получатель.
100000000913911100,peripheral,0.300000,1,0.713027,Наблюдаемые признаки не достигли порогов других ролей; требуется ручная проверка.
100000000917179100,terminal,1.000000,16,0.255311,Видны входящие от 1 плательщиков; исходящие — 0% наблюдаемого входящего. Возможный конечный получатель.
100000000922570100,transit,0.846129,7,0.217781,"Получает от 1, переводит 1 получателям; масштаб наблюдаемых исходящих — 106% входящих. Признаки транзита."
100000000926078100,peripheral,0.100000,5,0.371103,Обрыв на четвёртом колене: дальнейшие исходящие не наблюдаются; конечный получатель не подтверждён.
100000000926766100,peripheral,0.300000,12,0.090284,Наблюдаемые признаки не достигли порогов других ролей; требуется ручная проверка.
100000000933075100,peripheral,0.300000,7,0.412715,Наблюдаемые признаки не достигли порогов других ролей; требуется ручная проверка.
100000000941942100,terminal,1.000000,1,0.449169,Видны входящие от 1 плательщиков; исходящие — 0% наблюдаемого входящего. Возможный конечный получатель.
100000000942301100,terminal,1.000000,5,0.331056,Видны входящие от 1 плательщиков; исходящие — 0% наблюдаемого входящего. Возможный конечный получатель.
100000000943371100,terminal,1.000000,11,0.308938,Видны входящие от 1 плательщиков; исходящие — 0% наблюдаемого входящего. Возможный конечный получатель.
100000000945428100,terminal,1.000000,0,0.251305,Видны входящие от 1 плательщиков; исходящие — 0% наблюдаемого входящего. Возможный конечный получатель.
100000000954884100,terminal,1.000000,25,0.184683,Видны входящие от 1 плательщиков; исходящие — 0% наблюдаемого входящего. Возможный конечный получатель.
100000000955444100,terminal,1.000000,40,0.083482,Видны входящие от 1 плательщиков; исходящие — 0% наблюдаемого входящего. Возможный конечный получатель.
100000000955529100,peripheral,0.300000,1,0.279469,Наблюдаемые признаки не достигли порогов других ролей; требуется ручная проверка.
100000000957746100,peripheral,0.100000,25,0.176978,Обрыв на четвёртом колене: дальнейшие исходящие не наблюдаются; конечный получатель не подтверждён.
100000000961900100,terminal,1.000000,0,0.346010,Видны входящие от 2 плательщиков; исходящие — 0% наблюдаемого входящего. Возможный конечный получатель.
100000000967918100,terminal,1.000000,4,0.251617,Видны входящие от 1 плательщиков; исходящие — 0% наблюдаемого входящего. Возможный конечный получатель.
100000000968253100,terminal,1.000000,32,0.116058,Видны входящие от 1 плательщиков; исходящие — 0% наблюдаемого входящего. Возможный конечный получатель.
100000000971908100,terminal,1.000000,39,0.250905,Видны входящие от 1 плательщиков; исходящие — 0% наблюдаемого входящего. Возможный конечный получатель.
100000000976943100,transit,0.500000,0,0.405187,"Получает от 1, переводит 1 получателям; масштаб наблюдаемых исходящих — 120% входящих. Признаки транзита."
100000000978041100,terminal,1.000000,32,0.201239,Видны входящие от 1 плательщиков; исходящие — 0% наблюдаемого входящего. Возможный конечный получатель.
100000000979567100,terminal,1.000000,41,0.092828,Видны входящие от 1 плательщиков; исходящие — 0% наблюдаемого входящего. Возможный конечный получатель.
100000000979923100,terminal,1.000000,10,0.445654,Видны входящие от 1 плательщиков; исходящие — 0% наблюдаемого входящего. Возможный конечный получатель.
100000000981693100,peripheral,0.100000,4,0.184454,Обрыв на четвёртом колене: дальнейшие исходящие не наблюдаются; конечный получатель не подтверждён.
100000000993112100,terminal,1.000000,23,0.280010,Видны входящие от 1 плательщиков; исходящие — 0% наблюдаемого входящего. Возможный конечный получатель.
100000000998559100,terminal,1.000000,1,0.433015,Видны входящие от 1 плательщиков; исходящие — 0% наблюдаемого входящего. Возможный конечный получатель.
100000001009583100,terminal,1.000000,9,0.476184,Видны входящие от 1 плательщиков; исходящие — 0% наблюдаемого входящего. Возможный конечный получатель.
100000001046057100,terminal,1.000000,42,0.247567,Видны входящие от 1 плательщиков; исходящие — 0% наблюдаемого входящего. Возможный конечный получатель.
100000001046626100,terminal,1.000000,9,0.427185,Видны входящие от 1 плательщиков; исходящие — 0% наблюдаемого входящего. Возможный конечный получатель.
100000001049200100,peripheral,0.300000,3,0.695315,Наблюдаемые признаки не достигли порогов других ролей; требуется ручная проверка.
100000001052789100,terminal,1.000000,43,0.238622,Видны входящие от 1 плательщиков; исходящие — 0% наблюдаемого входящего. Возможный конечный получатель.
100000001052945100,peripheral,0.300000,16,0.363315,Наблюдаемые признаки не достигли порогов других ролей; требуется ручная проверка.
100000001053894100,peripheral,0.100000,9,0.460556,Обрыв на четвёртом колене: дальнейшие исходящие не наблюдаются; конечный получатель не подтверждён.
100000001056414100,terminal,1.000000,21,0.416103,Видны входящие от 1 плательщиков; исходящие — 0% наблюдаемого входящего. Возможный конечный получатель.
100000001063678100,peripheral,0.300000,26,0.426332,Наблюдаемые признаки не достигли порогов других ролей; требуется ручная проверка.
100000001065234100,peripheral,0.100000,3,0.282941,Обрыв на четвёртом колене: дальнейшие исходящие не наблюдаются; конечный получатель не подтверждён.
100000001065481100,peripheral,0.100000,22,0.078669,Обрыв на четвёртом колене: дальнейшие исходящие не наблюдаются; конечный получатель не подтверждён.
100000001066017100,peripheral,0.300000,4,0.678269,Наблюдаемые признаки не достигли порогов других ролей; требуется ручная проверка.
100000001072022100,consolidator,0.825000,1,0.766072,3 плательщиков; наблюдаемый исходящий поток — 0% входящего. Признаки консолидации.
100000001073568100,peripheral,0.300000,16,0.463805,Наблюдаемые признаки не достигли порогов других ролей; требуется ручная проверка.
100000001074553100,terminal,1.000000,2,0.432971,Видны входящие от 2 плательщиков; исходящие — 0% наблюдаемого входящего. Возможный конечный получатель.
100000001083990100,terminal,1.000000,7,0.316103,Видны входящие от 1 плательщиков; исходящие — 0% наблюдаемого входящего. Возможный конечный получатель.
100000001089055100,peripheral,0.100000,25,0.064917,Обрыв на четвёртом колене: дальнейшие исходящие не наблюдаются; конечный получатель не подтверждён.
100000001102676100,transit,1.000000,23,0.326237,"Получает от 1, переводит 1 получателям; масштаб наблюдаемых исходящих — 100% входящих. Признаки транзита."
100000001103905100,terminal,1.000000,32,0.132080,Видны входящие от 1 плательщиков; исходящие — 0% наблюдаемого входящего. Возможный конечный получатель.
100000001110358100,terminal,1.000000,5,0.442851,Видны входящие от 2 плательщиков; исходящие — 0% наблюдаемого входящего. Возможный конечный получатель.
100000001111763100,terminal,1.000000,32,0.127540,Видны входящие от 1 плательщиков; исходящие — 0% наблюдаемого входящего. Возможный конечный получатель.
100000001114385100,terminal,1.000000,0,0.277518,Видны входящие от 1 плательщиков; исходящие — 0% наблюдаемого входящего. Возможный конечный получатель.
100000001126374100,consolidator,0.810000,4,0.802654,4 плательщиков; наблюдаемый исходящий поток — 16% входящего. Признаки консолидации.
100000001130176100,terminal,1.000000,39,0.303287,Видны входящие от 1 плательщиков; исходящие — 0% наблюдаемого входящего. Возможный конечный получатель.
100000001130553100,peripheral,0.100000,44,0.231718,Обрыв на четвёртом колене: дальнейшие исходящие не наблюдаются; конечный получатель не подтверждён.
100000001131403100,peripheral,0.100000,16,0.314583,Обрыв на четвёртом колене: дальнейшие исходящие не наблюдаются; конечный получатель не подтверждён.
100000001138283100,peripheral,0.300000,5,0.360334,Наблюдаемые признаки не достигли порогов других ролей; требуется ручная проверка.
100000001138376100,terminal,1.000000,3,0.265503,Видны входящие от 1 плательщиков; исходящие — 0% наблюдаемого входящего. Возможный конечный получатель.
100000001140785100,terminal,1.000000,34,0.605601,Видны входящие от 2 плательщиков; исходящие — 0% наблюдаемого входящего. Возможный конечный получатель.
100000001141268100,terminal,0.791667,34,0.813924,Видны входящие от 2 плательщиков; исходящие — 2% наблюдаемого входящего. Возможный конечный получатель.
100000001145749100,terminal,1.000000,1,0.196878,Видны входящие от 1 плательщиков; исходящие — 0% наблюдаемого входящего. Возможный конечный получатель.
100000001149815100,terminal,1.000000,30,0.105778,Видны входящие от 1 плательщиков; исходящие — 0% наблюдаемого входящего. Возможный конечный получатель.
100000001155773100,terminal,1.000000,30,0.148101,Видны входящие от 1 плательщиков; исходящие — 0% наблюдаемого входящего. Возможный конечный получатель.
100000001160401100,terminal,1.000000,0,0.207914,Видны входящие от 1 плательщиков; исходящие — 0% наблюдаемого входящего. Возможный конечный получатель.
100000001162560100,distributor,0.700000,16,0.354470,Переводит средства 12 различным получателям; признаки веерного распределения.
100000001164648100,terminal,1.000000,45,0.413612,Видны входящие от 2 плательщиков; исходящие — 0% наблюдаемого входящего. Возможный конечный получатель.
100000001166289100,terminal,0.653278,27,0.507025,Видны входящие от 2 плательщиков; исходящие — 3% наблюдаемого входящего. Возможный конечный получатель.
100000001169666100,peripheral,0.300000,38,0.419479,Наблюдаемые признаки не достигли порогов других ролей; требуется ручная проверка.
100000001184915100,terminal,1.000000,3,0.446678,Видны входящие от 1 плательщиков; исходящие — 0% наблюдаемого входящего. Возможный конечный получатель.
100000001194266100,terminal,1.000000,1,0.386553,Видны входящие от 1 плательщиков; исходящие — 0% наблюдаемого входящего. Возможный конечный получатель.
100000001202637100,peripheral,0.100000,38,0.047828,Обрыв на четвёртом колене: дальнейшие исходящие не наблюдаются; конечный получатель не подтверждён.
100000001202787100,peripheral,0.100000,38,0.372083,Обрыв на четвёртом колене: дальнейшие исходящие не наблюдаются; конечный получатель не подтверждён.
100000001220124100,peripheral,0.100000,5,0.253747,Обрыв на четвёртом колене: дальнейшие исходящие не наблюдаются; конечный получатель не подтверждён.
100000001222245100,peripheral,0.100000,9,0.433587,Обрыв на четвёртом колене: дальнейшие исходящие не наблюдаются; конечный получатель не подтверждён.
100000001222263100,peripheral,0.300000,9,0.609911,Наблюдаемые признаки не достигли порогов других ролей; требуется ручная проверка.
100000001223977100,peripheral,0.300000,1,0.286813,Наблюдаемые признаки не достигли порогов других ролей; требуется ручная проверка.
100000001227106100,terminal,1.000000,9,0.433060,Видны входящие от 1 плательщиков; исходящие — 0% наблюдаемого входящего. Возможный конечный получатель.
100000001229743100,peripheral,0.300000,0,0.197583,Наблюдаемые признаки не достигли порогов других ролей; требуется ручная проверка.
100000001232297100,peripheral,0.300000,11,0.211601,Наблюдаемые признаки не достигли порогов других ролей; требуется ручная проверка.
100000001236706100,consolidator,0.761931,0,0.863179,3 плательщиков; наблюдаемый исходящий поток — 25% входящего. Признаки консолидации.
100000001241318100,terminal,1.000000,0,0.220998,Видны входящие от 1 плательщиков; исходящие — 0% наблюдаемого входящего. Возможный конечный получатель.
100000001246806100,peripheral,0.100000,34,0.229803,Обрыв на четвёртом колене: дальнейшие исходящие не наблюдаются; конечный получатель не подтверждён.
100000001248999100,terminal,1.000000,25,0.152507,Видны входящие от 1 плательщиков; исходящие — 0% наблюдаемого входящего. Возможный конечный получатель.
100000001249054100,peripheral,0.100000,38,0.188326,Обрыв на четвёртом колене: дальнейшие исходящие не наблюдаются; конечный получатель не подтверждён.
100000001250022100,terminal,1.000000,39,0.212187,Видны входящие от 1 плательщиков; исходящие — 0% наблюдаемого входящего. Возможный конечный получатель.
100000001251686100,terminal,1.000000,0,0.276718,Видны входящие от 1 плательщиков; исходящие — 0% наблюдаемого входящего. Возможный конечный получатель.
100000001252290100,terminal,0.645403,9,0.597501,Видны входящие от 1 плательщиков; исходящие — 4% наблюдаемого входящего. Возможный конечный получатель.
100000001253557100,consolidator,0.875000,7,0.723260,5 плательщиков; наблюдаемый исходящий поток — 0% входящего. Признаки консолидации.
100000001256409100,peripheral,0.100000,29,0.041820,Обрыв на четвёртом колене: дальнейшие исходящие не наблюдаются; конечный получатель не подтверждён.
100000001262647100,terminal,1.000000,3,0.153976,Видны входящие от 1 плательщиков; исходящие — 0% наблюдаемого входящего. Возможный конечный получатель.
100000001270349100,terminal,1.000000,34,0.299770,Видны входящие от 1 плательщиков; исходящие — 0% наблюдаемого входящего. Возможный конечный получатель.
100000001270470100,peripheral,0.100000,5,0.230382,Обрыв на четвёртом колене: дальнейшие исходящие не наблюдаются; конечный получатель не подтверждён.
100000001273783100,terminal,1.000000,38,0.151973,Видны входящие от 1 плательщиков; исходящие — 0% наблюдаемого входящего. Возможный конечный получатель.
100000001275557100,peripheral,0.100000,26,0.092420,Обрыв на четвёртом колене: дальнейшие исходящие не наблюдаются; конечный получатель не подтверждён.
100000001275752100,terminal,1.000000,34,0.284817,Видны входящие от 1 плательщиков; исходящие — 0% наблюдаемого входящего. Возможный конечный получатель.
100000001276409100,peripheral,0.100000,38,0.315162,Обрыв на четвёртом колене: дальнейшие исходящие не наблюдаются; конечный получатель не подтверждён.
100000001279272100,peripheral,0.300000,5,0.462514,Наблюдаемые признаки не достигли порогов других ролей; требуется ручная проверка.
100000001279875100,terminal,1.000000,21,0.211252,Видны входящие от 1 плательщиков; исходящие — 0% наблюдаемого входящего. Возможный конечный получатель.
100000001280798100,terminal,1.000000,38,0.155311,Видны входящие от 1 плательщиков; исходящие — 0% наблюдаемого входящего. Возможный конечный получатель.
100000001282143100,consolidator,0.875000,34,0.779468,5 плательщиков; наблюдаемый исходящий поток — 0% входящего. Признаки консолидации.
100000001285440100,terminal,1.000000,34,0.467639,Видны входящие от 2 плательщиков; исходящие — 0% наблюдаемого входящего. Возможный конечный получатель.
100000001286703100,peripheral,0.100000,9,0.245203,Обрыв на четвёртом колене: дальнейшие исходящие не наблюдаются; конечный получатель не подтверждён.
100000001287955100,peripheral,0.300000,21,0.284721,Наблюдаемые признаки не достигли порогов других ролей; требуется ручная проверка.
100000001290243100,terminal,1.000000,3,0.092828,Видны входящие от 1 плательщиков; исходящие — 0% наблюдаемого входящего. Возможный конечный получатель.
100000001297206100,peripheral,0.100000,5,0.038081,Обрыв на четвёртом колене: дальнейшие исходящие не наблюдаются; конечный получатель не подтверждён.
100000001298099100,terminal,1.000000,38,0.135551,Видны входящие от 1 плательщиков; исходящие — 0% наблюдаемого входящего. Возможный конечный получатель.
100000001299323100,peripheral,0.100000,34,0.325843,Обрыв на четвёртом колене: дальнейшие исходящие не наблюдаются; конечный получатель не подтверждён.
100000001299443100,peripheral,0.100000,45,0.041820,Обрыв на четвёртом колене: дальнейшие исходящие не наблюдаются; конечный получатель не подтверждён.
100000001299828100,peripheral,0.100000,5,0.213649,Обрыв на четвёртом колене: дальнейшие исходящие не наблюдаются; конечный получатель не подтверждён.
100000001303311100,consolidator,0.875000,34,0.734965,5 плательщиков; наблюдаемый исходящий поток — 0% входящего. Признаки консолидации.
100000001307612100,terminal,1.000000,32,0.192694,Видны входящие от 1 плательщиков; исходящие — 0% наблюдаемого входящего. Возможный конечный получатель.
100000001308856100,terminal,1.000000,27,0.168795,Видны входящие от 1 плательщиков; исходящие — 0% наблюдаемого входящего. Возможный конечный получатель.
100000001311175100,peripheral,0.100000,21,0.275064,Обрыв на четвёртом колене: дальнейшие исходящие не наблюдаются; конечный получатель не подтверждён.
100000001317336100,peripheral,0.300000,35,0.411334,Наблюдаемые признаки не достигли порогов других ролей; требуется ручная проверка.
100000001325618100,peripheral,0.100000,45,0.046092,Обрыв на четвёртом колене: дальнейшие исходящие не наблюдаются; конечный получатель не подтверждён.
100000001329153100,terminal,1.000000,4,0.388600,Видны входящие от 1 плательщиков; исходящие — 0% наблюдаемого входящего. Возможный конечный получатель.
100000001330595100,peripheral,0.300000,46,0.383519,Наблюдаемые признаки не достигли порогов других ролей; требуется ручная проверка.
100000001330685100,consolidator,0.814686,9,0.883874,3 плательщиков; наблюдаемый исходящий поток — 4% входящего. Признаки консолидации.
100000001339466100,terminal,1.000000,0,0.318640,Видны входящие от 1 плательщиков; исходящие — 0% наблюдаемого входящего. Возможный конечный получатель.
100000001346560100,peripheral,0.300000,29,0.557309,Наблюдаемые признаки не достигли порогов других ролей; требуется ручная проверка.
100000001362940100,terminal,1.000000,1,0.420064,Видны входящие от 1 плательщиков; исходящие — 0% наблюдаемого входящего. Возможный конечный получатель.
100000001363952100,peripheral,0.300000,1,0.568923,Наблюдаемые признаки не достигли порогов других ролей; требуется ручная проверка.
100000001373265100,terminal,0.649078,5,0.439779,Видны входящие от 1 плательщиков; исходящие — 4% наблюдаемого входящего. Возможный конечный получатель.
100000001378288100,peripheral,0.100000,29,0.270524,Обрыв на четвёртом колене: дальнейшие исходящие не наблюдаются; конечный получатель не подтверждён.
100000001379511100,terminal,1.000000,42,0.223802,Видны входящие от 1 плательщиков; исходящие — 0% наблюдаемого входящего. Возможный конечный получатель.
100000001380054100,peripheral,0.300000,47,0.385523,Наблюдаемые признаки не достигли порогов других ролей; требуется ручная проверка.
100000001380107100,terminal,1.000000,28,0.184060,Видны входящие от 1 плательщиков; исходящие — 0% наблюдаемого входящего. Возможный конечный получатель.
100000001380986100,terminal,1.000000,16,0.238355,Видны входящие от 1 плательщиков; исходящие — 0% наблюдаемого входящего. Возможный конечный получатель.
100000001382002100,transit,0.931818,0,0.233802,"Получает от 1, переводит 1 получателям; масштаб наблюдаемых исходящих — 103% входящих. Признаки транзита."
100000001384826100,terminal,0.725471,9,0.632215,Видны входящие от 1 плательщиков; исходящие — 3% наблюдаемого входящего. Возможный конечный получатель.
100000001386612100,terminal,1.000000,43,0.375516,Видны входящие от 1 плательщиков; исходящие — 0% наблюдаемого входящего. Возможный конечный получатель.
100000001389255100,terminal,1.000000,32,0.124737,Видны входящие от 1 плательщиков; исходящие — 0% наблюдаемого входящего. Возможный конечный получатель.
100000001411870100,terminal,1.000000,2,0.615080,Видны входящие от 2 плательщиков; исходящие — 0% наблюдаемого входящего. Возможный конечный получатель.
100000001415126100,peripheral,0.300000,43,0.227845,"Исходный клиент; входящие до начала обхода неизвестны, поэтому отношение потоков не применялось."
100000001418900100,terminal,1.000000,27,0.196966,Видны входящие от 1 плательщиков; исходящие — 0% наблюдаемого входящего. Возможный конечный получатель.
100000001420847100,terminal,1.000000,43,0.137420,Видны входящие от 1 плательщиков; исходящие — 0% наблюдаемого входящего. Возможный конечный получатель.
100000001427082100,peripheral,0.300000,28,0.313337,Наблюдаемые признаки не достигли порогов других ролей; требуется ручная проверка.
100000001429930100,peripheral,0.300000,22,0.223573,"Исходный клиент; входящие до начала обхода неизвестны, поэтому отношение потоков не применялось."
100000001439416100,peripheral,0.300000,0,0.206796,Наблюдаемые признаки не достигли порогов других ролей; требуется ручная проверка.
100000001445848100,peripheral,0.300000,25,0.299496,Наблюдаемые признаки не достигли порогов других ролей; требуется ручная проверка.
100000001463701100,terminal,1.000000,10,0.692962,Видны входящие от 2 плательщиков; исходящие — 0% наблюдаемого входящего. Возможный конечный получатель.
100000001471706100,peripheral,0.100000,43,0.284543,Обрыв на четвёртом колене: дальнейшие исходящие не наблюдаются; конечный получатель не подтверждён.
100000001477796100,terminal,1.000000,23,0.294029,Видны входящие от 1 плательщиков; исходящие — 0% наблюдаемого входящего. Возможный конечный получатель.
100000001484381100,terminal,1.000000,38,0.517617,Видны входящие от 2 плательщиков; исходящие — 0% наблюдаемого входящего. Возможный конечный получатель.
100000001490461100,peripheral,0.300000,38,0.355438,Наблюдаемые признаки не достигли порогов других ролей; требуется ручная проверка.
100000001498732100,peripheral,0.100000,42,0.033141,Обрыв на четвёртом колене: дальнейшие исходящие не наблюдаются; конечный получатель не подтверждён.
100000001524952100,terminal,1.000000,0,0.264390,Видны входящие от 1 плательщиков; исходящие — 0% наблюдаемого входящего. Возможный конечный получатель.
100000001526235100,distributor,0.633333,12,0.648461,Переводит средства 8 различным получателям; признаки веерного распределения.
100000001527186100,terminal,1.000000,1,0.523268,Видны входящие от 1 плательщиков; исходящие — 0% наблюдаемого входящего. Возможный конечный получатель.
100000001530709100,terminal,1.000000,4,0.326918,Видны входящие от 1 плательщиков; исходящие — 0% наблюдаемого входящего. Возможный конечный получатель.
100000001530740100,terminal,1.000000,3,0.116058,Видны входящие от 1 плательщиков; исходящие — 0% наблюдаемого входящего. Возможный конечный получатель.
100000001530983100,distributor,0.683333,28,0.946593,Переводит средства 11 различным получателям; признаки веерного распределения.
100000001533161100,peripheral,0.100000,48,0.213649,Обрыв на четвёртом колене: дальнейшие исходящие не наблюдаются; конечный получатель не подтверждён.
100000001534244100,peripheral,0.300000,34,0.703548,Наблюдаемые признаки не достигли порогов других ролей; требуется ручная проверка.
100000001537524100,peripheral,0.100000,34,0.237547,Обрыв на четвёртом колене: дальнейшие исходящие не наблюдаются; конечный получатель не подтверждён.
100000001538095100,terminal,1.000000,34,0.618552,Видны входящие от 2 плательщиков; исходящие — 0% наблюдаемого входящего. Возможный конечный получатель.
100000001541418100,terminal,1.000000,16,0.517884,Видны входящие от 2 плательщиков; исходящие — 0% наблюдаемого входящего. Возможный конечный получатель.
100000001549194100,terminal,1.000000,16,0.205778,Видны входящие от 1 плательщиков; исходящие — 0% наблюдаемого входящего. Возможный конечный получатель.
100000001550388100,terminal,1.000000,0,0.212187,Видны входящие от 1 плательщиков; исходящие — 0% наблюдаемого входящего. Возможный конечный получатель.
100000001550419100,terminal,1.000000,16,0.151038,Видны входящие от 1 плательщиков; исходящие — 0% наблюдаемого входящего. Возможный конечный получатель.
100000001554432100,terminal,1.000000,1,0.397100,Видны входящие от 1 плательщиков; исходящие — 0% наблюдаемого входящего. Возможный конечный получатель.
100000001557930100,terminal,1.000000,39,0.186285,Видны входящие от 1 плательщиков; исходящие — 0% наблюдаемого входящего. Возможный конечный получатель.
100000001567366100,terminal,1.000000,3,0.457358,Видны входящие от 1 плательщиков; исходящие — 0% наблюдаемого входящего. Возможный конечный получатель.
100000001578517100,terminal,1.000000,28,0.348368,Видны входящие от 1 плательщиков; исходящие — 0% наблюдаемого входящего. Возможный конечный получатель.
100000001584286100,terminal,1.000000,21,0.695498,Видны входящие от 2 плательщиков; исходящие — 0% наблюдаемого входящего. Возможный конечный получатель.
100000001590795100,peripheral,0.100000,45,0.031272,Обрыв на четвёртом колене: дальнейшие исходящие не наблюдаются; конечный получатель не подтверждён.
100000001597424100,terminal,1.000000,16,0.209116,Видны входящие от 1 плательщиков; исходящие — 0% наблюдаемого входящего. Возможный конечный получатель.
100000001597505100,peripheral,0.300000,23,0.122994,Наблюдаемые признаки не достигли порогов других ролей; требуется ручная проверка.
100000001598625100,peripheral,0.100000,5,0.113649,Обрыв на четвёртом колене: дальнейшие исходящие не наблюдаются; конечный получатель не подтверждён.
100000001600934100,peripheral,0.300000,5,0.248629,Наблюдаемые признаки не достигли порогов других ролей; требуется ручная проверка.
100000001601320100,transit,0.844828,2,0.522766,"Получает от 2, переводит 1 получателям; масштаб наблюдаемых исходящих — 106% входящих. Признаки транзита."
100000001609499100,consolidator,0.805047,0,0.819342,3 плательщиков; наблюдаемый исходящий поток — 8% входящего. Признаки консолидации.
100000001611488100,terminal,1.000000,9,0.653265,Видны входящие от 2 плательщиков; исходящие — 0% наблюдаемого входящего. Возможный конечный получатель.
100000001616816100,peripheral,0.300000,2,0.819480,"Исходный клиент; входящие до начала обхода неизвестны, поэтому отношение потоков не применялось."
100000001632325100,terminal,1.000000,30,0.249169,Видны входящие от 1 плательщиков; исходящие — 0% наблюдаемого входящего. Возможный конечный получатель.
100000001633685100,consolidator,0.825000,0,0.565360,3 плательщиков; наблюдаемый исходящий поток — 0% входящего. Признаки консолидации.
100000001637376100,peripheral,0.300000,9,0.529004,Наблюдаемые признаки не достигли порогов других ролей; требуется ручная проверка.
100000001639766100,terminal,1.000000,39,0.137420,Видны входящие от 1 плательщиков; исходящие — 0% наблюдаемого входящего. Возможный конечный получатель.
100000001641789100,terminal,1.000000,2,0.319619,Видны входящие от 1 плательщиков; исходящие — 0% наблюдаемого входящего. Возможный конечный получатель.
100000001641951100,terminal,1.000000,29,0.352508,Видны входящие от 1 плательщиков; исходящие — 0% наблюдаемого входящего. Возможный конечный получатель.
100000001648936100,terminal,1.000000,39,0.254243,Видны входящие от 1 плательщиков; исходящие — 0% наблюдаемого входящего. Возможный конечный получатель.
100000001650895100,peripheral,0.300000,38,0.399452,Наблюдаемые признаки не достигли порогов других ролей; требуется ручная проверка.
100000001660397100,transit,0.979424,0,0.568649,"Получает от 2, переводит 3 получателям; масштаб наблюдаемых исходящих — 101% входящих. Признаки транзита."
100000001669260100,peripheral,0.100000,29,0.296025,Обрыв на четвёртом колене: дальнейшие исходящие не наблюдаются; конечный получатель не подтверждён.
100000001674850100,terminal,1.000000,34,0.570220,Видны входящие от 2 плательщиков; исходящие — 0% наблюдаемого входящего. Возможный конечный получатель.
100000001677389100,peripheral,0.300000,25,0.217877,Наблюдаемые признаки не достигли порогов других ролей; требуется ручная проверка.
100000001677929100,peripheral,0.300000,2,0.565450,Наблюдаемые признаки не достигли порогов других ролей; требуется ручная проверка.
100000001680944100,terminal,1.000000,34,0.475783,Видны входящие от 1 плательщиков; исходящие — 0% наблюдаемого входящего. Возможный конечный получатель.
100000001684867100,terminal,1.000000,3,0.283660,Видны входящие от 1 плательщиков; исходящие — 0% наблюдаемого входящего. Возможный конечный получатель.
100000001686328100,terminal,1.000000,34,0.382725,Видны входящие от 1 плательщиков; исходящие — 0% наблюдаемого входящего. Возможный конечный получатель.
100000001688676100,terminal,1.000000,43,0.276272,Видны входящие от 1 плательщиков; исходящие — 0% наблюдаемого входящего. Возможный конечный получатель.
100000001689968100,consolidator,0.825000,44,0.689259,3 плательщиков; наблюдаемый исходящий поток — 0% входящего. Признаки консолидации.
100000001690439100,terminal,1.000000,0,0.114590,Видны входящие от 1 плательщиков; исходящие — 0% наблюдаемого входящего. Возможный конечный получатель.
100000001690558100,terminal,1.000000,43,0.351172,Видны входящие от 1 плательщиков; исходящие — 0% наблюдаемого входящего. Возможный конечный получатель.
100000001696818100,terminal,1.000000,23,0.222067,Видны входящие от 1 плательщиков; исходящие — 0% наблюдаемого входящего. Возможный конечный получатель.
100000001697501100,distributor,1.000000,27,0.481216,Переводит средства 38 различным получателям; признаки веерного распределения.
100000001703168100,peripheral,0.300000,0,0.420191,Наблюдаемые признаки не достигли порогов других ролей; требуется ручная проверка.
100000001714173100,terminal,1.000000,16,0.493273,Видны входящие от 1 плательщиков; исходящие — 0% наблюдаемого входящего. Возможный конечный получатель.
100000001714413100,terminal,1.000000,9,0.457759,Видны входящие от 1 плательщиков; исходящие — 0% наблюдаемого входящего. Возможный конечный получатель.
100000001714883100,peripheral,0.100000,45,0.038348,Обрыв на четвёртом колене: дальнейшие исходящие не наблюдаются; конечный получатель не подтверждён.
100000001716579100,terminal,1.000000,32,0.112721,Видны входящие от 1 плательщиков; исходящие — 0% наблюдаемого входящего. Возможный конечный получатель.
100000001724740100,peripheral,0.100000,34,0.249964,Обрыв на четвёртом колене: дальнейшие исходящие не наблюдаются; конечный получатель не подтверждён.
100000001726614100,terminal,1.000000,5,0.278275,Видны входящие от 1 плательщиков; исходящие — 0% наблюдаемого входящего. Возможный конечный получатель.
100000001732159100,peripheral,0.300000,5,0.791176,"Исходный клиент; входящие до начала обхода неизвестны, поэтому отношение потоков не применялось."
100000001733216100,peripheral,0.100000,4,0.286991,Обрыв на четвёртом колене: дальнейшие исходящие не наблюдаются; конечный получатель не подтверждён.
100000001733687100,terminal,1.000000,34,0.424114,Видны входящие от 1 плательщиков; исходящие — 0% наблюдаемого входящего. Возможный конечный получатель.
100000001737722100,terminal,1.000000,23,0.333860,Видны входящие от 1 плательщиков; исходящие — 0% наблюдаемого входящего. Возможный конечный получатель.
100000001740277100,peripheral,0.300000,2,0.044623,Наблюдаемые признаки не достигли порогов других ролей; требуется ручная проверка.
100000001745217100,terminal,1.000000,5,0.212187,Видны входящие от 1 плательщиков; исходящие — 0% наблюдаемого входящего. Возможный конечный получатель.
100000001746925100,peripheral,0.300000,1,0.550988,Наблюдаемые признаки не достигли порогов других ролей; требуется ручная проверка.
100000001782980100,peripheral,0.300000,47,0.167187,Наблюдаемые признаки не достигли порогов других ролей; требуется ручная проверка.
100000001784279100,terminal,1.000000,5,0.188956,Видны входящие от 1 плательщиков; исходящие — 0% наблюдаемого входящего. Возможный конечный получатель.
100000001785161100,terminal,1.000000,21,0.330656,Видны входящие от 2 плательщиков; исходящие — 0% наблюдаемого входящего. Возможный конечный получатель.
100000001788284100,peripheral,0.300000,12,0.224197,Наблюдаемые признаки не достигли порогов других ролей; требуется ручная проверка.
100000001805543100,terminal,1.000000,3,0.331724,Видны входящие от 1 плательщиков; исходящие — 0% наблюдаемого входящего. Возможный конечный получатель.
100000001808684100,peripheral,0.300000,39,0.164383,Наблюдаемые признаки не достигли порогов других ролей; требуется ручная проверка.
100000001816678100,peripheral,0.100000,0,0.327579,Обрыв на четвёртом колене: дальнейшие исходящие не наблюдаются; конечный получатель не подтверждён.
100000001818442100,terminal,1.000000,38,0.199236,Видны входящие от 1 плательщиков; исходящие — 0% наблюдаемого входящего. Возможный конечный получатель.
100000001819396100,terminal,1.000000,13,0.289356,Видны входящие от 1 плательщиков; исходящие — 0% наблюдаемого входящего. Возможный конечный получатель.
100000001822623100,terminal,1.000000,26,0.302173,Видны входящие от 1 плательщиков; исходящие — 0% наблюдаемого входящего. Возможный конечный получатель.
100000001822650100,peripheral,0.100000,34,0.327578,Обрыв на четвёртом колене: дальнейшие исходящие не наблюдаются; конечный получатель не подтверждён.
100000001825934100,peripheral,0.300000,23,0.305371,Наблюдаемые признаки не достигли порогов других ролей; требуется ручная проверка.
100000001831496100,peripheral,0.300000,10,0.268700,Наблюдаемые признаки не достигли порогов других ролей; требуется ручная проверка.
100000001835625100,terminal,1.000000,9,0.386464,Видны входящие от 1 плательщиков; исходящие — 0% наблюдаемого входящего. Возможный конечный получатель.
100000001837130100,terminal,1.000000,5,0.291626,Видны входящие от 1 плательщиков; исходящие — 0% наблюдаемого входящего. Возможный конечный получатель.
100000001845505100,peripheral,0.100000,5,0.196470,Обрыв на четвёртом колене: дальнейшие исходящие не наблюдаются; конечный получатель не подтверждён.
100000001848426100,terminal,1.000000,39,0.256779,Видны входящие от 1 плательщиков; исходящие — 0% наблюдаемого входящего. Возможный конечный получатель.
100000001851289100,terminal,1.000000,3,0.371110,Видны входящие от 1 плательщиков; исходящие — 0% наблюдаемого входящего. Возможный конечный получатель.
100000001852140100,terminal,1.000000,49,0.174002,Видны входящие от 1 плательщиков; исходящие — 0% наблюдаемого входящего. Возможный конечный получатель.
100000001853812100,terminal,1.000000,5,0.236219,Видны входящие от 1 плательщиков; исходящие — 0% наблюдаемого входящего. Возможный конечный получатель.
100000001857829100,distributor,0.766667,29,0.919625,Переводит средства 16 различным получателям; признаки веерного распределения.
100000001860090100,terminal,1.000000,39,0.068795,Видны входящие от 1 плательщиков; исходящие — 0% наблюдаемого входящего. Возможный конечный получатель.
100000001870116100,terminal,1.000000,32,0.155578,Видны входящие от 1 плательщиков; исходящие — 0% наблюдаемого входящего. Возможный конечный получатель.
100000001872484100,peripheral,0.300000,37,0.308709,Наблюдаемые признаки не достигли порогов других ролей; требуется ручная проверка.
100000001875167100,terminal,1.000000,9,0.499682,Видны входящие от 1 плательщиков; исходящие — 0% наблюдаемого входящего. Возможный конечный получатель.
100000001875239100,consolidator,0.825000,34,0.743019,3 плательщиков; наблюдаемый исходящий поток — 0% входящего. Признаки консолидации.
100000001884825100,consolidator,0.825000,34,0.703812,3 плательщиков; наблюдаемый исходящий поток — 0% входящего. Признаки консолидации.
100000001887715100,peripheral,0.300000,34,0.755216,Наблюдаемые признаки не достигли порогов других ролей; требуется ручная проверка.
100000001893287100,peripheral,0.300000,39,0.087080,Наблюдаемые признаки не достигли порогов других ролей; требуется ручная проверка.
100000001899164100,consolidator,0.784430,7,0.925084,4 плательщиков; наблюдаемый исходящий поток — 26% входящего. Признаки консолидации.
100000001904863100,terminal,1.000000,16,0.485663,Видны входящие от 1 плательщиков; исходящие — 0% наблюдаемого входящего. Возможный конечный получатель.
100000001924185100,terminal,1.000000,10,0.635196,Видны входящие от 2 плательщиков; исходящие — 0% наблюдаемого входящего. Возможный конечный получатель.
100000001927599100,terminal,1.000000,38,0.556602,Видны входящие от 2 плательщиков; исходящие — 0% наблюдаемого входящего. Возможный конечный получатель.
100000001929088100,terminal,1.000000,2,0.592784,Видны входящие от 2 плательщиков; исходящие — 0% наблюдаемого входящего. Возможный конечный получатель.
100000001934935100,terminal,1.000000,4,0.375516,Видны входящие от 1 плательщиков; исходящие — 0% наблюдаемого входящего. Возможный конечный получатель.
100000001937767100,peripheral,0.300000,16,0.545824,Наблюдаемые признаки не достигли порогов других ролей; требуется ручная проверка.
100000001952325100,terminal,1.000000,32,0.244096,Видны входящие от 1 плательщиков; исходящие — 0% наблюдаемого входящего. Возможный конечный получатель.
100000001953577100,terminal,1.000000,32,0.122200,Видны входящие от 1 плательщиков; исходящие — 0% наблюдаемого входящего. Возможный конечный получатель.
100000001954534100,peripheral,0.300000,5,0.223885,Наблюдаемые признаки не достигли порогов других ролей; требуется ручная проверка.
100000001954903100,terminal,1.000000,38,0.170131,Видны входящие от 1 плательщиков; исходящие — 0% наблюдаемого входящего. Возможный конечный получатель.
100000001957974100,peripheral,0.100000,16,0.296025,Обрыв на четвёртом колене: дальнейшие исходящие не наблюдаются; конечный получатель не подтверждён.
100000001960517100,terminal,1.000000,2,0.403820,Видны входящие от 1 плательщиков; исходящие — 0% наблюдаемого входящего. Возможный конечный получатель.
100000001961048100,terminal,1.000000,21,0.427185,Видны входящие от 1 плательщиков; исходящие — 0% наблюдаемого входящего. Возможный конечный получатель.
100000001965374100,peripheral,0.300000,18,0.471771,Наблюдаемые признаки не достигли порогов других ролей; требуется ручная проверка.
100000001969496100,terminal,1.000000,16,0.150504,Видны входящие от 1 плательщиков; исходящие — 0% наблюдаемого входящего. Возможный конечный получатель.
100000001985793100,terminal,1.000000,2,0.333949,Видны входящие от 1 плательщиков; исходящие — 0% наблюдаемого входящего. Возможный конечный получатель.
100000001987030100,peripheral,0.300000,3,0.618546,Наблюдаемые признаки не достигли порогов других ролей; требуется ручная проверка.
100000001991973100,peripheral,0.100000,45,0.100965,Обрыв на четвёртом колене: дальнейшие исходящие не наблюдаются; конечный получатель не подтверждён.
100000002015633100,terminal,1.000000,9,0.400883,Видны входящие от 1 плательщиков; исходящие — 0% наблюдаемого входящего. Возможный конечный получатель.
100000002028158100,terminal,1.000000,3,0.331190,Видны входящие от 1 плательщиков; исходящие — 0% наблюдаемого входящего. Возможный конечный получатель.
100000002032323100,peripheral,0.300000,42,0.434032,Наблюдаемые признаки не достигли порогов других ролей; требуется ручная проверка.
100000002087788100,terminal,1.000000,9,0.407826,Видны входящие от 1 плательщиков; исходящие — 0% наблюдаемого входящего. Возможный конечный получатель.
100000002095257100,terminal,1.000000,7,0.192872,Видны входящие от 1 плательщиков; исходящие — 0% наблюдаемого входящего. Возможный конечный получатель.
100000002103448100,terminal,1.000000,30,0.168795,Видны входящие от 1 плательщиков; исходящие — 0% наблюдаемого входящего. Возможный конечный получатель.
100000002109656100,terminal,1.000000,21,0.445075,Видны входящие от 1 плательщиков; исходящие — 0% наблюдаемого входящего. Возможный конечный получатель.
100000002116705100,terminal,1.000000,30,0.130878,Видны входящие от 1 плательщиков; исходящие — 0% наблюдаемого входящего. Возможный конечный получатель.
100000002119762100,peripheral,0.100000,9,0.343333,Обрыв на четвёртом колене: дальнейшие исходящие не наблюдаются; конечный получатель не подтверждён.
100000002121357100,peripheral,0.300000,34,0.728915,Наблюдаемые признаки не достигли порогов других ролей; требуется ручная проверка.
100000002126791100,peripheral,0.100000,34,0.417432,Обрыв на четвёртом колене: дальнейшие исходящие не наблюдаются; конечный получатель не подтверждён.
100000002130400100,peripheral,0.100000,23,0.047828,Обрыв на четвёртом колене: дальнейшие исходящие не наблюдаются; конечный получатель не подтверждён.
100000002132479100,peripheral,0.300000,16,0.273640,Наблюдаемые признаки не достигли порогов других ролей; требуется ручная проверка.
100000002152857100,peripheral,0.300000,2,0.219924,Наблюдаемые признаки не достигли порогов других ролей; требуется ручная проверка.
100000002156381100,peripheral,0.300000,10,0.696693,Наблюдаемые признаки не достигли порогов других ролей; требуется ручная проверка.
100000002158488100,terminal,1.000000,32,0.181880,Видны входящие от 1 плательщиков; исходящие — 0% наблюдаемого входящего. Возможный конечный получатель.
100000002170580100,terminal,1.000000,38,0.282547,Видны входящие от 1 плательщиков; исходящие — 0% наблюдаемого входящего. Возможный конечный получатель.
100000002173070100,terminal,1.000000,28,0.348368,Видны входящие от 1 плательщиков; исходящие — 0% наблюдаемого входящего. Возможный конечный получатель.
100000002173161100,consolidator,0.825000,3,0.722103,3 плательщиков; наблюдаемый исходящий поток — 0% входящего. Признаки консолидации.
100000002175422100,peripheral,0.300000,35,0.664427,Наблюдаемые признаки не достигли порогов других ролей; требуется ручная проверка.
100000002182176100,terminal,1.000000,0,0.199503,Видны входящие от 1 плательщиков; исходящие — 0% наблюдаемого входящего. Возможный конечный получатель.
100000002184107100,terminal,1.000000,25,0.081479,Видны входящие от 1 плательщиков; исходящие — 0% наблюдаемого входящего. Возможный конечный получатель.
100000002185328100,peripheral,0.300000,28,0.253435,Наблюдаемые признаки не достигли порогов других ролей; требуется ручная проверка.
100000002188586100,peripheral,0.100000,38,0.251610,Обрыв на четвёртом колене: дальнейшие исходящие не наблюдаются; конечный получатель не подтверждён.
100000002188829100,terminal,1.000000,1,0.506713,Видны входящие от 1 плательщиков; исходящие — 0% наблюдаемого входящего. Возможный конечный получатель.
100000002193259100,peripheral,0.300000,7,0.677246,Наблюдаемые признаки не достигли порогов других ролей; требуется ручная проверка.
100000002194320100,peripheral,0.100000,3,0.271459,Обрыв на четвёртом колене: дальнейшие исходящие не наблюдаются; конечный получатель не подтверждён.
100000002194329100,terminal,1.000000,4,0.267104,Видны входящие от 1 плательщиков; исходящие — 0% наблюдаемого входящего. Возможный конечный получатель.
100000002199091100,terminal,1.000000,27,0.232747,Видны входящие от 1 плательщиков; исходящие — 0% наблюдаемого входящего. Возможный конечный получатель.
100000002205022100,peripheral,0.300000,28,0.390596,Наблюдаемые признаки не достигли порогов других ролей; требуется ручная проверка.
100000002208836100,peripheral,0.100000,9,0.351077,Обрыв на четвёртом колене: дальнейшие исходящие не наблюдаются; конечный получатель не подтверждён.
100000002211413100,terminal,1.000000,32,0.190558,Видны входящие от 1 плательщиков; исходящие — 0% наблюдаемого входящего. Возможный конечный получатель.
100000002212494100,terminal,1.000000,35,0.286686,Видны входящие от 1 плательщиков; исходящие — 0% наблюдаемого входящего. Возможный конечный получатель.
100000002214207100,peripheral,0.100000,23,0.212314,Обрыв на четвёртом колене: дальнейшие исходящие не наблюдаются; конечный получатель не подтверждён.
100000002214301100,peripheral,0.300000,0,0.290640,Наблюдаемые признаки не достигли порогов других ролей; требуется ручная проверка.
100000002214383100,peripheral,0.100000,50,0.258909,Обрыв на четвёртом колене: дальнейшие исходящие не наблюдаются; конечный получатель не подтверждён.
100000002214570100,terminal,1.000000,32,0.168128,Видны входящие от 1 плательщиков; исходящие — 0% наблюдаемого входящего. Возможный конечный получатель.
100000002214664100,peripheral,0.300000,51,0.041686,Наблюдаемые признаки не достигли порогов других ролей; требуется ручная проверка.
100000002216999100,terminal,1.000000,30,0.154376,Видны входящие от 1 плательщиков; исходящие — 0% наблюдаемого входящего. Возможный конечный получатель.
100000002217161100,peripheral,0.300000,25,0.740084,Наблюдаемые признаки не достигли порогов других ролей; требуется ручная проверка.
100000002217806100,peripheral,0.100000,17,0.178802,Обрыв на четвёртом колене: дальнейшие исходящие не наблюдаются; конечный получатель не подтверждён.
100000002224132100,peripheral,0.300000,18,0.613916,Наблюдаемые признаки не достигли порогов других ролей; требуется ручная проверка.
100000002227960100,peripheral,0.100000,28,0.047828,Обрыв на четвёртом колене: дальнейшие исходящие не наблюдаются; конечный получатель не подтверждён.
100000002227989100,peripheral,0.100000,28,0.092420,Обрыв на четвёртом колене: дальнейшие исходящие не наблюдаются; конечный получатель не подтверждён.
100000002229615100,peripheral,0.100000,28,0.217699,Обрыв на четвёртом колене: дальнейшие исходящие не наблюдаются; конечный получатель не подтверждён.
100000002231144100,peripheral,0.100000,28,0.071058,Обрыв на четвёртом колене: дальнейшие исходящие не наблюдаются; конечный получатель не подтверждён.
100000002232266100,terminal,1.000000,5,0.202173,Видны входящие от 1 плательщиков; исходящие — 0% наблюдаемого входящего. Возможный конечный получатель.
100000002236528100,terminal,1.000000,2,0.234083,Видны входящие от 1 плательщиков; исходящие — 0% наблюдаемого входящего. Возможный конечный получатель.
100000002241986100,peripheral,0.300000,9,0.606217,Наблюдаемые признаки не достигли порогов других ролей; требуется ручная проверка.
100000002242066100,peripheral,0.100000,25,0.182941,Обрыв на четвёртом колене: дальнейшие исходящие не наблюдаются; конечный получатель не подтверждён.
100000002242455100,peripheral,0.100000,9,0.366831,Обрыв на четвёртом колене: дальнейшие исходящие не наблюдаются; конечный получатель не подтверждён.
100000002243354100,terminal,1.000000,32,0.146099,Видны входящие от 1 плательщиков; исходящие — 0% наблюдаемого входящего. Возможный конечный получатель.
100000002255058100,terminal,1.000000,28,0.340224,Видны входящие от 1 плательщиков; исходящие — 0% наблюдаемого входящего. Возможный конечный получатель.
100000002257794100,terminal,1.000000,46,0.285618,Видны входящие от 1 плательщиков; исходящие — 0% наблюдаемого входящего. Возможный конечный получатель.
100000002258492100,peripheral,0.100000,43,0.044890,Обрыв на четвёртом колене: дальнейшие исходящие не наблюдаются; конечный получатель не подтверждён.
100000002267998100,peripheral,0.300000,26,0.734077,Наблюдаемые признаки не достигли порогов других ролей; требуется ручная проверка.
100000002284426100,terminal,1.000000,9,0.396077,Видны входящие от 1 плательщиков; исходящие — 0% наблюдаемого входящего. Возможный конечный получатель.
100000002289937100,terminal,1.000000,32,0.137420,Видны входящие от 1 плательщиков; исходящие — 0% наблюдаемого входящего. Возможный конечный получатель.
100000002293421100,transit,0.634146,28,0.523389,"Получает от 2, переводит 2 получателям; масштаб наблюдаемых исходящих — 115% входящих. Признаки транзита."
100000002299948100,terminal,1.000000,23,0.082814,Видны входящие от 1 плательщиков; исходящие — 0% наблюдаемого входящего. Возможный конечный получатель.
100000002301828100,terminal,1.000000,25,0.206579,Видны входящие от 1 плательщиков; исходящие — 0% наблюдаемого входящего. Возможный конечный получатель.
100000002304943100,peripheral,0.100000,28,0.071058,Обрыв на четвёртом колене: дальнейшие исходящие не наблюдаются; конечный получатель не подтверждён.
100000002305007100,terminal,1.000000,30,0.225805,Видны входящие от 1 плательщиков; исходящие — 0% наблюдаемого входящего. Возможный конечный получатель.
100000002305477100,peripheral,0.100000,28,0.092420,Обрыв на четвёртом колене: дальнейшие исходящие не наблюдаются; конечный получатель не подтверждён.
100000002306369100,peripheral,0.300000,0,0.376577,Наблюдаемые признаки не достигли порогов других ролей; требуется ручная проверка.
100000002308091100,terminal,1.000000,21,0.295364,Видны входящие от 1 плательщиков; исходящие — 0% наблюдаемого входящего. Возможный конечный получатель.
100000002320495100,peripheral,0.100000,44,0.067187,Обрыв на четвёртом колене: дальнейшие исходящие не наблюдаются; конечный получатель не подтверждён.
100000002324543100,terminal,1.000000,2,0.179209,Видны входящие от 1 плательщиков; исходящие — 0% наблюдаемого входящего. Возможный конечный получатель.
100000002335358100,terminal,1.000000,3,0.278675,Видны входящие от 1 плательщиков; исходящие — 0% наблюдаемого входящего. Возможный конечный получатель.
100000002340562100,terminal,1.000000,2,0.190157,Видны входящие от 1 плательщиков; исходящие — 0% наблюдаемого входящего. Возможный конечный получатель.
100000002343825100,consolidator,0.760857,34,0.865672,3 плательщиков; наблюдаемый исходящий поток — 26% входящего. Признаки консолидации.
100000002346166100,terminal,1.000000,30,0.080010,Видны входящие от 1 плательщиков; исходящие — 0% наблюдаемого входящего. Возможный конечный получатель.
100000002356167100,peripheral,0.300000,9,0.595581,Наблюдаемые признаки не достигли порогов других ролей; требуется ручная проверка.
100000002369443100,terminal,1.000000,30,0.212187,Видны входящие от 1 плательщиков; исходящие — 0% наблюдаемого входящего. Возможный конечный получатель.
100000002369454100,peripheral,0.100000,5,0.113649,Обрыв на четвёртом колене: дальнейшие исходящие не наблюдаются; конечный получатель не подтверждён.
100000002369510100,terminal,1.000000,30,0.190958,Видны входящие от 1 плательщиков; исходящие — 0% наблюдаемого входящего. Возможный конечный получатель.
100000002369874100,consolidator,0.850000,34,0.749962,4 плательщиков; наблюдаемый исходящий поток — 0% входящего. Признаки консолидации.
100000002371751100,peripheral,0.300000,36,0.254770,Наблюдаемые признаки не достигли порогов других ролей; требуется ручная проверка.
100000002371892100,peripheral,0.100000,3,0.155571,Обрыв на четвёртом колене: дальнейшие исходящие не наблюдаются; конечный получатель не подтверждён.
100000002373144100,peripheral,0.300000,5,0.319613,Наблюдаемые признаки не достигли порогов других ролей; требуется ручная проверка.
100000002373386100,terminal,1.000000,30,0.155578,Видны входящие от 1 плательщиков; исходящие — 0% наблюдаемого входящего. Возможный конечный получатель.
100000002380341100,terminal,1.000000,0,0.226739,Видны входящие от 1 плательщиков; исходящие — 0% наблюдаемого входящего. Возможный конечный получатель.
100000002391278100,peripheral,0.300000,34,0.129002,Наблюдаемые признаки не достигли порогов других ролей; требуется ручная проверка.
100000002394199100,peripheral,0.300000,2,0.271860,Наблюдаемые признаки не достигли порогов других ролей; требуется ручная проверка.
100000002398779100,consolidator,0.984941,0,0.935765,13 плательщиков; наблюдаемый исходящий поток — 6% входящего. Признаки консолидации.
100000002404112100,peripheral,0.100000,13,0.182941,Обрыв на четвёртом колене: дальнейшие исходящие не наблюдаются; конечный получатель не подтверждён.
100000002432143100,terminal,1.000000,0,0.390603,Видны входящие от 1 плательщиков; исходящие — 0% наблюдаемого входящего. Возможный конечный получатель.
100000002433697100,transit,0.615385,9,0.588409,"Получает от 1, переводит 1 получателям; масштаб наблюдаемых исходящих — 85% входящих. Признаки транзита."
100000002435265100,terminal,1.000000,4,0.380055,Видны входящие от 1 плательщиков; исходящие — 0% наблюдаемого входящего. Возможный конечный получатель.
100000002443664100,consolidator,0.825000,34,0.738079,3 плательщиков; наблюдаемый исходящий поток — 0% входящего. Признаки консолидации.
100000002445750100,peripheral,0.300000,4,0.454237,Наблюдаемые признаки не достигли порогов других ролей; требуется ручная проверка.
100000002448088100,peripheral,0.300000,28,0.533987,Наблюдаемые признаки не достигли порогов других ролей; требуется ручная проверка.
100000002454724100,terminal,1.000000,21,0.417572,Видны входящие от 1 плательщиков; исходящие — 0% наблюдаемого входящего. Возможный конечный получатель.
100000002457464100,terminal,1.000000,23,0.338533,Видны входящие от 1 плательщиков; исходящие — 0% наблюдаемого входящего. Возможный конечный получатель.
100000002459093100,peripheral,0.300000,2,0.296025,Наблюдаемые признаки не достигли порогов других ролей; требуется ручная проверка.
100000002459163100,terminal,1.000000,37,0.144897,Видны входящие от 1 плательщиков; исходящие — 0% наблюдаемого входящего. Возможный конечный получатель.
100000002459164100,terminal,1.000000,25,0.137420,Видны входящие от 1 плательщиков; исходящие — 0% наблюдаемого входящего. Возможный конечный получатель.
100000002459240100,terminal,1.000000,9,0.427185,Видны входящие от 1 плательщиков; исходящие — 0% наблюдаемого входящего. Возможный конечный получатель.
100000002459832100,terminal,1.000000,29,0.614813,Видны входящие от 2 плательщиков; исходящие — 0% наблюдаемого входящего. Возможный конечный получатель.
100000002462183100,terminal,1.000000,52,0.265992,Видны входящие от 1 плательщиков; исходящие — 0% наблюдаемого входящего. Возможный конечный получатель.
100000002469065100,terminal,1.000000,28,0.474136,Видны входящие от 1 плательщиков; исходящие — 0% наблюдаемого входящего. Возможный конечный получатель.
100000002472632100,terminal,0.601911,12,0.657849,Видны входящие от 2 плательщиков; исходящие — 4% наблюдаемого входящего. Возможный конечный получатель.
100000002474570100,peripheral,0.100000,45,0.037814,Обрыв на четвёртом колене: дальнейшие исходящие не наблюдаются; конечный получатель не подтверждён.
100000002475601100,terminal,1.000000,29,0.308181,Видны входящие от 1 плательщиков; исходящие — 0% наблюдаемого входящего. Возможный конечный получатель.
100000002478829100,peripheral,0.100000,28,0.243733,Обрыв на четвёртом колене: дальнейшие исходящие не наблюдаются; конечный получатель не подтверждён.
100000002479804100,peripheral,0.300000,23,0.159710,Наблюдаемые признаки не достигли порогов других ролей; требуется ручная проверка.
100000002480800100,terminal,1.000000,5,0.676718,Видны входящие от 2 плательщиков; исходящие — 0% наблюдаемого входящего. Возможный конечный получатель.
100000002481735100,terminal,1.000000,3,0.150104,Видны входящие от 1 плательщиков; исходящие — 0% наблюдаемого входящего. Возможный конечный получатель.
100000002481974100,peripheral,0.300000,29,0.642755,Наблюдаемые признаки не достигли порогов других ролей; требуется ручная проверка.
100000002487222100,peripheral,0.100000,9,0.351077,Обрыв на четвёртом колене: дальнейшие исходящие не наблюдаются; конечный получатель не подтверждён.
100000002488629100,terminal,1.000000,39,0.239690,Видны входящие от 1 плательщиков; исходящие — 0% наблюдаемого входящего. Возможный конечный получатель.
100000002489253100,terminal,1.000000,3,0.218195,Видны входящие от 1 плательщиков; исходящие — 0% наблюдаемого входящего. Возможный конечный получатель.
100000002492277100,terminal,1.000000,0,0.382058,Видны входящие от 1 плательщиков; исходящие — 0% наблюдаемого входящего. Возможный конечный получатель.
100000002505277100,peripheral,0.100000,4,0.286991,Обрыв на четвёртом колене: дальнейшие исходящие не наблюдаются; конечный получатель не подтверждён.
100000002506987100,peripheral,0.100000,38,0.230115,Обрыв на четвёртом колене: дальнейшие исходящие не наблюдаются; конечный получатель не подтверждён.
100000002508637100,terminal,0.738912,29,0.478275,Видны входящие от 1 плательщиков; исходящие — 3% наблюдаемого входящего. Возможный конечный получатель.
100000002509598100,terminal,1.000000,21,0.426384,Видны входящие от 1 плательщиков; исходящие — 0% наблюдаемого входящего. Возможный конечный получатель.
100000002511581100,terminal,1.000000,30,0.130878,Видны входящие от 1 плательщиков; исходящие — 0% наблюдаемого входящего. Возможный конечный получатель.
100000002511825100,terminal,1.000000,0,0.232747,Видны входящие от 1 плательщиков; исходящие — 0% наблюдаемого входящего. Возможный конечный получатель.
100000002512742100,peripheral,0.100000,45,0.035010,Обрыв на четвёртом колене: дальнейшие исходящие не наблюдаются; конечный получатель не подтверждён.
100000002513028100,peripheral,0.300000,0,0.229003,Наблюдаемые признаки не достигли порогов других ролей; требуется ручная проверка.
100000002514975100,peripheral,0.100000,13,0.086946,Обрыв на четвёртом колене: дальнейшие исходящие не наблюдаются; конечный получатель не подтверждён.
100000002516862100,peripheral,0.100000,0,0.201232,Обрыв на четвёртом колене: дальнейшие исходящие не наблюдаются; конечный получатель не подтверждён.
100000002521039100,terminal,1.000000,4,0.430522,Видны входящие от 1 плательщиков; исходящие — 0% наблюдаемого входящего. Возможный конечный получатель.
100000002527114100,distributor,1.000000,32,0.478635,Переводит средства 111 различным получателям; признаки веерного распределения.
100000002528544100,terminal,1.000000,29,0.297634,Видны входящие от 1 плательщиков; исходящие — 0% наблюдаемого входящего. Возможный конечный получатель.
100000002528978100,peripheral,0.100000,38,0.182452,Обрыв на четвёртом колене: дальнейшие исходящие не наблюдаются; конечный получатель не подтверждён.
100000002529877100,peripheral,0.100000,34,0.263048,Обрыв на четвёртом колене: дальнейшие исходящие не наблюдаются; конечный получатель не подтверждён.
100000002529880100,terminal,1.000000,34,0.542851,Видны входящие от 2 плательщиков; исходящие — 0% наблюдаемого входящего. Возможный конечный получатель.
100000002530224100,terminal,1.000000,34,0.269330,Видны входящие от 1 плательщиков; исходящие — 0% наблюдаемого входящего. Возможный конечный получатель.
100000002531406100,transit,0.903846,29,0.508969,"Получает от 1, переводит 1 получателям; масштаб наблюдаемых исходящих — 96% входящих. Признаки транзита."
100000002534091100,terminal,1.000000,0,0.253753,Видны входящие от 1 плательщиков; исходящие — 0% наблюдаемого входящего. Возможный конечный получатель.
100000002537811100,peripheral,0.300000,10,0.507864,Наблюдаемые признаки не достигли порогов других ролей; требуется ручная проверка.
100000002539625100,terminal,1.000000,7,0.255845,Видны входящие от 1 плательщиков; исходящие — 0% наблюдаемого входящего. Возможный конечный получатель.
100000002540033100,peripheral,0.100000,34,0.047828,Обрыв на четвёртом колене: дальнейшие исходящие не наблюдаются; конечный получатель не подтверждён.
100000002540623100,terminal,1.000000,38,0.258649,Видны входящие от 1 плательщиков; исходящие — 0% наблюдаемого входящего. Возможный конечный получатель.
100000002546921100,terminal,1.000000,16,0.137420,Видны входящие от 1 плательщиков; исходящие — 0% наблюдаемого входящего. Возможный конечный получатель.
100000002547110100,consolidator,0.900000,34,0.737279,6 плательщиков; наблюдаемый исходящий поток — 0% входящего. Признаки консолидации.
100000002548759100,terminal,1.000000,34,0.630702,Видны входящие от 2 плательщиков; исходящие — 0% наблюдаемого входящего. Возможный конечный получатель.
100000002550141100,terminal,1.000000,29,0.263322,Видны входящие от 1 плательщиков; исходящие — 0% наблюдаемого входящего. Возможный конечный получатель.
100000002554175100,terminal,1.000000,38,0.158115,Видны входящие от 1 плательщиков; исходящие — 0% наблюдаемого входящего. Возможный конечный получатель.
100000002556775100,terminal,1.000000,9,0.464702,Видны входящие от 1 плательщиков; исходящие — 0% наблюдаемого входящего. Возможный конечный получатель.
100000002558173100,terminal,1.000000,23,0.091092,Видны входящие от 1 плательщиков; исходящие — 0% наблюдаемого входящего. Возможный конечный получатель.
100000002559089100,terminal,1.000000,34,0.506891,Видны входящие от 2 плательщиков; исходящие — 0% наблюдаемого входящего. Возможный конечный получатель.
100000002565277100,terminal,1.000000,1,0.513789,Видны входящие от 1 плательщиков; исходящие — 0% наблюдаемого входящего. Возможный конечный получатель.
100000002566204100,terminal,1.000000,38,0.245565,Видны входящие от 1 плательщиков; исходящие — 0% наблюдаемого входящего. Возможный конечный получатель.
100000002567887100,terminal,1.000000,9,0.362566,Видны входящие от 1 плательщиков; исходящие — 0% наблюдаемого входящего. Возможный конечный получатель.
100000002570206100,terminal,1.000000,44,0.550327,Видны входящие от 2 плательщиков; исходящие — 0% наблюдаемого входящего. Возможный конечный получатель.
100000002575080100,transit,0.903846,3,0.423523,"Получает от 1, переводит 1 получателям; масштаб наблюдаемых исходящих — 96% входящих. Признаки транзита."
100000002578405100,distributor,1.000000,30,0.544368,Переводит средства 116 различным получателям; признаки веерного распределения.
100000002578653100,terminal,1.000000,0,0.137420,Видны входящие от 1 плательщиков; исходящие — 0% наблюдаемого входящего. Возможный конечный получатель.
100000002580377100,peripheral,0.300000,3,0.410044,Наблюдаемые признаки не достигли порогов других ролей; требуется ручная проверка.
100000002581346100,terminal,1.000000,9,0.434128,Видны входящие от 1 плательщиков; исходящие — 0% наблюдаемого входящего. Возможный конечный получатель.
100000002589019100,terminal,1.000000,7,0.186419,Видны входящие от 1 плательщиков; исходящие — 0% наблюдаемого входящего. Возможный конечный получатель.
100000002591469100,terminal,1.000000,2,0.309116,Видны входящие от 1 плательщиков; исходящие — 0% наблюдаемого входящего. Возможный конечный получатель.
100000002592567100,peripheral,0.300000,3,0.332519,Наблюдаемые признаки не достигли порогов других ролей; требуется ручная проверка.
100000002593038100,terminal,1.000000,7,0.346099,Видны входящие от 1 плательщиков; исходящие — 0% наблюдаемого входящего. Возможный конечный получатель.
100000002593344100,terminal,1.000000,34,0.636443,Видны входящие от 2 плательщиков; исходящие — 0% наблюдаемого входящего. Возможный конечный получатель.
100000002594214100,peripheral,0.100000,9,0.454682,Обрыв на четвёртом колене: дальнейшие исходящие не наблюдаются; конечный получатель не подтверждён.
100000002596035100,terminal,1.000000,10,0.495720,Видны входящие от 1 плательщиков; исходящие — 0% наблюдаемого входящего. Возможный конечный получатель.
100000002596039100,peripheral,0.100000,1,0.272260,Обрыв на четвёртом колене: дальнейшие исходящие не наблюдаются; конечный получатель не подтверждён.
100000002597003100,peripheral,0.300000,0,0.245514,Наблюдаемые признаки не достигли порогов других ролей; требуется ручная проверка.
100000002597074100,peripheral,0.100000,4,0.145870,Обрыв на четвёртом колене: дальнейшие исходящие не наблюдаются; конечный получатель не подтверждён.
100000002597623100,terminal,1.000000,4,0.229321,Видны входящие от 1 плательщиков; исходящие — 0% наблюдаемого входящего. Возможный конечный получатель.
100000002599729100,peripheral,0.100000,4,0.291797,Обрыв на четвёртом колене: дальнейшие исходящие не наблюдаются; конечный получатель не подтверждён.
100000002600345100,terminal,1.000000,3,0.481035,Видны входящие от 2 плательщиков; исходящие — 0% наблюдаемого входящего. Возможный конечный получатель.
100000002603371100,terminal,1.000000,0,0.091092,Видны входящие от 1 плательщиков; исходящие — 0% наблюдаемого входящего. Возможный конечный получатель.
100000002603478100,terminal,1.000000,7,0.152774,Видны входящие от 1 плательщиков; исходящие — 0% наблюдаемого входящего. Возможный конечный получатель.
100000002603769100,consolidator,0.825000,0,0.720768,3 плательщиков; наблюдаемый исходящий поток — 0% входящего. Признаки консолидации.
100000002605184100,terminal,1.000000,3,0.278675,Видны входящие от 1 плательщиков; исходящие — 0% наблюдаемого входящего. Возможный конечный получатель.
100000002605308100,consolidator,0.825000,16,0.755035,3 плательщиков; наблюдаемый исходящий поток — 0% входящего. Признаки консолидации.
100000002605548100,terminal,1.000000,10,0.619175,Видны входящие от 2 плательщиков; исходящие — 0% наблюдаемого входящего. Возможный конечный получатель.
100000002606567100,peripheral,0.300000,0,0.228157,Наблюдаемые признаки не достигли порогов других ролей; требуется ручная проверка.
100000002609774100,peripheral,0.300000,16,0.339506,Наблюдаемые признаки не достигли порогов других ролей; требуется ручная проверка.
100000002611334100,peripheral,0.300000,0,0.323217,Наблюдаемые признаки не достигли порогов других ролей; требуется ручная проверка.
100000002612809100,peripheral,0.300000,23,0.286456,Наблюдаемые признаки не достигли порогов других ролей; требуется ручная проверка.
100000002613776100,terminal,1.000000,0,0.278052,Видны входящие от 1 плательщиков; исходящие — 0% наблюдаемого входящего. Возможный конечный получатель.
100000002613929100,terminal,1.000000,2,0.172000,Видны входящие от 1 плательщиков; исходящие — 0% наблюдаемого входящего. Возможный конечный получатель.
100000002614095100,terminal,1.000000,30,0.077340,Видны входящие от 1 плательщиков; исходящие — 0% наблюдаемого входящего. Возможный конечный получатель.
100000002615479100,terminal,1.000000,2,0.305511,Видны входящие от 1 плательщиков; исходящие — 0% наблюдаемого входящего. Возможный конечный получатель.
100000002618492100,terminal,1.000000,10,0.668841,Видны входящие от 2 плательщиков; исходящие — 0% наблюдаемого входящего. Возможный конечный получатель.
100000002621434100,terminal,1.000000,34,0.245698,Видны входящие от 1 плательщиков; исходящие — 0% наблюдаемого входящего. Возможный конечный получатель.
100000002621915100,terminal,1.000000,3,0.068795,Видны входящие от 1 плательщиков; исходящие — 0% наблюдаемого входящего. Возможный конечный получатель.
100000002621949100,terminal,1.000000,1,0.462654,Видны входящие от 1 плательщиков; исходящие — 0% наблюдаемого входящего. Возможный конечный получатель.
100000002622822100,peripheral,0.100000,34,0.306439,Обрыв на четвёртом колене: дальнейшие исходящие не наблюдаются; конечный получатель не подтверждён.
100000002628146100,terminal,1.000000,23,0.179476,Видны входящие от 1 плательщиков; исходящие — 0% наблюдаемого входящего. Возможный конечный получатель.
100000002628576100,peripheral,0.300000,9,0.783076,Наблюдаемые признаки не достигли порогов других ролей; требуется ручная проверка.
100000002632742100,terminal,1.000000,34,0.610274,Видны входящие от 2 плательщиков; исходящие — 0% наблюдаемого входящего. Возможный конечный получатель.
100000002633108100,terminal,1.000000,16,0.323268,Видны входящие от 1 плательщиков; исходящие — 0% наблюдаемого входящего. Возможный конечный получатель.
100000002633701100,terminal,1.000000,16,0.315257,Видны входящие от 1 плательщиков; исходящие — 0% наблюдаемого входящего. Возможный конечный получатель.
100000002635746100,peripheral,0.100000,45,0.032340,Обрыв на четвёртом колене: дальнейшие исходящие не наблюдаются; конечный получатель не подтверждён.
100000002635780100,terminal,1.000000,2,0.288021,Видны входящие от 1 плательщиков; исходящие — 0% наблюдаемого входящего. Возможный конечный получатель.
100000002644285100,terminal,1.000000,21,0.445075,Видны входящие от 1 плательщиков; исходящие — 0% наблюдаемого входящего. Возможный конечный получатель.
100000002645046100,peripheral,0.100000,45,0.060778,Обрыв на четвёртом колене: дальнейшие исходящие не наблюдаются; конечный получатель не подтверждён.
100000002645609100,consolidator,0.850000,4,0.677109,4 плательщиков; наблюдаемый исходящий поток — 0% входящего. Признаки консолидации.
100000002645993100,peripheral,0.300000,0,0.614584,Наблюдаемые признаки не достигли порогов других ролей; требуется ручная проверка.
100000002646745100,terminal,1.000000,30,0.108048,Видны входящие от 1 плательщиков; исходящие — 0% наблюдаемого входящего. Возможный конечный получатель.
100000002646887100,terminal,1.000000,42,0.157581,Видны входящие от 1 плательщиков; исходящие — 0% наблюдаемого входящего. Возможный конечный получатель.
100000002648315100,peripheral,0.300000,2,0.230872,Наблюдаемые признаки не достигли порогов других ролей; требуется ручная проверка.
100000002653187100,peripheral,0.100000,7,0.071058,Обрыв на четвёртом колене: дальнейшие исходящие не наблюдаются; конечный получатель не подтверждён.
100000002653948100,terminal,1.000000,9,0.393674,Видны входящие от 1 плательщиков; исходящие — 0% наблюдаемого входящего. Возможный конечный получатель.
100000002659103100,peripheral,0.100000,48,0.243555,Обрыв на четвёртом колене: дальнейшие исходящие не наблюдаются; конечный получатель не подтверждён.
100000002659265100,peripheral,0.100000,34,0.235010,Обрыв на четвёртом колене: дальнейшие исходящие не наблюдаются; конечный получатель не подтверждён.
100000002660298100,peripheral,0.100000,38,0.239060,Обрыв на четвёртом колене: дальнейшие исходящие не наблюдаются; конечный получатель не подтверждён.
100000002662768100,terminal,1.000000,23,0.247968,Видны входящие от 1 плательщиков; исходящие — 0% наблюдаемого входящего. Возможный конечный получатель.
100000002663511100,terminal,1.000000,5,0.315791,Видны входящие от 1 плательщиков; исходящие — 0% наблюдаемого входящего. Возможный конечный получатель.
100000002666248100,terminal,1.000000,1,0.412587,Видны входящие от 1 плательщиков; исходящие — 0% наблюдаемого входящего. Возможный конечный получатель.
100000002670463100,peripheral,0.100000,45,0.136346,Обрыв на четвёртом колене: дальнейшие исходящие не наблюдаются; конечный получатель не подтверждён.
100000002670860100,terminal,1.000000,21,0.637911,Видны входящие от 2 плательщиков; исходящие — 0% наблюдаемого входящего. Возможный конечный получатель.
100000002670960100,terminal,1.000000,21,0.443339,Видны входящие от 1 плательщиков; исходящие — 0% наблюдаемого входящего. Возможный конечный получатель.
100000002671326100,peripheral,0.100000,42,0.310711,Обрыв на четвёртом колене: дальнейшие исходящие не наблюдаются; конечный получатель не подтверждён.
100000002671806100,terminal,1.000000,7,0.108715,Видны входящие от 1 плательщиков; исходящие — 0% наблюдаемого входящего. Возможный конечный получатель.
100000002677201100,peripheral,0.300000,34,0.396515,Наблюдаемые признаки не достигли порогов других ролей; требуется ручная проверка.
100000002679516100,consolidator,0.825000,7,0.656904,3 плательщиков; наблюдаемый исходящий поток — 0% входящего. Признаки консолидации.
100000002680477100,terminal,1.000000,21,0.158649,Видны входящие от 1 плательщиков; исходящие — 0% наблюдаемого входящего. Возможный конечный получатель.
100000002681449100,peripheral,0.300000,5,0.526244,Наблюдаемые признаки не достигли порогов других ролей; требуется ручная проверка.
100000002681544100,terminal,1.000000,2,0.445877,Видны входящие от 2 плательщиков; исходящие — 0% наблюдаемого входящего. Возможный конечный получатель.
100000002686226100,peripheral,0.100000,44,0.290017,Обрыв на четвёртом колене: дальнейшие исходящие не наблюдаются; конечный получатель не подтверждён.
100000002689717100,peripheral,0.100000,38,0.267765,Обрыв на четвёртом колене: дальнейшие исходящие не наблюдаются; конечный получатель не подтверждён.
100000002691583100,terminal,1.000000,13,0.318729,Видны входящие от 1 плательщиков; исходящие — 0% наблюдаемого входящего. Возможный конечный получатель.
100000002691858100,terminal,1.000000,23,0.219263,Видны входящие от 1 плательщиков; исходящие — 0% наблюдаемого входящего. Возможный конечный получатель.
100000002692044100,terminal,1.000000,7,0.257314,Видны входящие от 1 плательщиков; исходящие — 0% наблюдаемого входящего. Возможный конечный получатель.
100000002692750100,peripheral,0.300000,39,0.720592,Наблюдаемые признаки не достигли порогов других ролей; требуется ручная проверка.
100000002695812100,peripheral,0.100000,38,0.315429,Обрыв на четвёртом колене: дальнейшие исходящие не наблюдаются; конечный получатель не подтверждён.
100000002696152100,peripheral,0.300000,10,0.381028,Наблюдаемые признаки не достигли порогов других ролей; требуется ручная проверка.
100000002697752100,terminal,1.000000,5,0.557537,Видны входящие от 2 плательщиков; исходящие — 0% наблюдаемого входящего. Возможный конечный получатель.
100000002700161100,peripheral,0.100000,1,0.148095,Обрыв на четвёртом колене: дальнейшие исходящие не наблюдаются; конечный получатель не подтверждён.
100000002702968100,peripheral,0.100000,38,0.240663,Обрыв на четвёртом колене: дальнейшие исходящие не наблюдаются; конечный получатель не подтверждён.
100000002703376100,terminal,1.000000,25,0.309962,Видны входящие от 1 плательщиков; исходящие — 0% наблюдаемого входящего. Возможный конечный получатель.
100000002704875100,consolidator,0.825000,5,0.717607,3 плательщиков; наблюдаемый исходящий поток — 0% входящего. Признаки консолидации.
100000002705460100,terminal,1.000000,3,0.256379,Видны входящие от 1 плательщиков; исходящие — 0% наблюдаемого входящего. Возможный конечный получатель.
100000002706810100,peripheral,0.100000,45,0.157173,Обрыв на четвёртом колене: дальнейшие исходящие не наблюдаются; конечный получатель не подтверждён.
100000002707106100,peripheral,0.100000,16,0.071058,Обрыв на четвёртом колене: дальнейшие исходящие не наблюдаются; конечный получатель не подтверждён.
100000002708624100,terminal,1.000000,12,0.158649,Видны входящие от 1 плательщиков; исходящие — 0% наблюдаемого входящего. Возможный конечный получатель.
100000002710570100,terminal,1.000000,0,0.410496,Видны входящие от 1 плательщиков; исходящие — 0% наблюдаемого входящего. Возможный конечный получатель.
100000002712416100,terminal,1.000000,34,0.601551,Видны входящие от 2 плательщиков; исходящие — 0% наблюдаемого входящего. Возможный конечный получатель.
100000002713074100,peripheral,0.300000,44,0.619925,Наблюдаемые признаки не достигли порогов других ролей; требуется ручная проверка.
100000002713974100,peripheral,0.100000,29,0.167187,Обрыв на четвёртом колене: дальнейшие исходящие не наблюдаются; конечный получатель не подтверждён.
100000002718366100,consolidator,0.900000,34,0.783117,6 плательщиков; наблюдаемый исходящий поток — 0% входящего. Признаки консолидации.
100000002720627100,terminal,1.000000,10,0.487176,Видны входящие от 1 плательщиков; исходящие — 0% наблюдаемого входящего. Возможный конечный получатель.
100000002721825100,terminal,1.000000,0,0.103909,Видны входящие от 1 плательщиков; исходящие — 0% наблюдаемого входящего. Возможный конечный получатель.
100000002722108100,terminal,1.000000,21,0.456691,Видны входящие от 1 плательщиков; исходящие — 0% наблюдаемого входящего. Возможный конечный получатель.
100000002723439100,peripheral,0.100000,10,0.087080,Обрыв на четвёртом колене: дальнейшие исходящие не наблюдаются; конечный получатель не подтверждён.
100000002723538100,distributor,0.700000,0,0.772717,Переводит средства 12 различным получателям; признаки веерного распределения.
100000002723674100,peripheral,0.100000,28,0.129002,Обрыв на четвёртом колене: дальнейшие исходящие не наблюдаются; конечный получатель не подтверждён.
100000002726055100,peripheral,0.100000,28,0.047828,Обрыв на четвёртом колене: дальнейшие исходящие не наблюдаются; конечный получатель не подтверждён.
100000002727288100,terminal,1.000000,43,0.268307,Видны входящие от 1 плательщиков; исходящие — 0% наблюдаемого входящего. Возможный конечный получатель.
100000002728246100,peripheral,0.100000,9,0.192466,Обрыв на четвёртом колене: дальнейшие исходящие не наблюдаются; конечный получатель не подтверждён.
100000002729875100,peripheral,0.100000,38,0.301677,Обрыв на четвёртом колене: дальнейшие исходящие не наблюдаются; конечный получатель не подтверждён.
100000002731501100,peripheral,0.300000,46,0.479381,Наблюдаемые признаки не достигли порогов других ролей; требуется ручная проверка.
100000002733083100,peripheral,0.100000,38,0.179514,Обрыв на четвёртом колене: дальнейшие исходящие не наблюдаются; конечный получатель не подтверждён.
100000002733905100,peripheral,0.300000,27,0.392198,Наблюдаемые признаки не достигли порогов других ролей; требуется ручная проверка.
100000002734815100,peripheral,0.100000,34,0.222193,Обрыв на четвёртом колене: дальнейшие исходящие не наблюдаются; конечный получатель не подтверждён.
100000002736033100,peripheral,0.300000,25,0.299986,Наблюдаемые признаки не достигли порогов других ролей; требуется ручная проверка.
100000002736316100,consolidator,0.825000,0,0.678578,3 плательщиков; наблюдаемый исходящий поток — 0% входящего. Признаки консолидации.
100000002737980100,terminal,1.000000,3,0.287398,Видны входящие от 1 плательщиков; исходящие — 0% наблюдаемого входящего. Возможный конечный получатель.
100000002738256100,transit,0.587217,53,0.294416,"Получает от 1, переводит 1 получателям; масштаб наблюдаемых исходящих — 117% входящих. Признаки транзита."
100000002741024100,peripheral,0.300000,0,0.833944,Наблюдаемые признаки не достигли порогов других ролей; требуется ручная проверка.
100000002742067100,terminal,1.000000,3,0.254154,Видны входящие от 1 плательщиков; исходящие — 0% наблюдаемого входящего. Возможный конечный получатель.
100000002744581100,terminal,1.000000,2,0.105778,Видны входящие от 1 плательщиков; исходящие — 0% наблюдаемого входящего. Возможный конечный получатель.
100000002748040100,peripheral,0.100000,38,0.191130,Обрыв на четвёртом колене: дальнейшие исходящие не наблюдаются; конечный получатель не подтверждён.
100000002748180100,distributor,0.633333,21,0.122427,Переводит средства 8 различным получателям; признаки веерного распределения.
100000002748511100,peripheral,0.100000,3,0.092420,Обрыв на четвёртом колене: дальнейшие исходящие не наблюдаются; конечный получатель не подтверждён.
100000002748532100,peripheral,0.300000,16,0.810667,Наблюдаемые признаки не достигли порогов других ролей; требуется ручная проверка.
100000002748581100,terminal,1.000000,16,0.198301,Видны входящие от 1 плательщиков; исходящие — 0% наблюдаемого входящего. Возможный конечный получатель.
100000002748761100,terminal,1.000000,21,0.456557,Видны входящие от 1 плательщиков; исходящие — 0% наблюдаемого входящего. Возможный конечный получатель.
100000002750332100,terminal,1.000000,2,0.105111,Видны входящие от 1 плательщиков; исходящие — 0% наблюдаемого входящего. Возможный конечный получатель.
100000002750956100,terminal,1.000000,0,0.208582,Видны входящие от 1 плательщиков; исходящие — 0% наблюдаемого входящего. Возможный конечный получатель.
100000002752565100,peripheral,0.100000,5,0.285122,Обрыв на четвёртом колене: дальнейшие исходящие не наблюдаются; конечный получатель не подтверждён.
100000002753146100,terminal,1.000000,21,0.456824,Видны входящие от 1 плательщиков; исходящие — 0% наблюдаемого входящего. Возможный конечный получатель.
100000002755292100,terminal,1.000000,9,0.447345,Видны входящие от 1 плательщиков; исходящие — 0% наблюдаемого входящего. Возможный конечный получатель.
100000002757240100,terminal,1.000000,0,0.363634,Видны входящие от 1 плательщиков; исходящие — 0% наблюдаемого входящего. Возможный конечный получатель.
100000002757791100,terminal,1.000000,34,0.239690,Видны входящие от 1 плательщиков; исходящие — 0% наблюдаемого входящего. Возможный конечный получатель.
100000002757797100,terminal,1.000000,7,0.258649,Видны входящие от 1 плательщиков; исходящие — 0% наблюдаемого входящего. Возможный конечный получатель.
100000002760175100,terminal,1.000000,10,0.483437,Видны входящие от 1 плательщиков; исходящие — 0% наблюдаемого входящего. Возможный конечный получатель.
100000002762076100,peripheral,0.300000,2,0.495447,Наблюдаемые признаки не достигли порогов других ролей; требуется ручная проверка.
100000002769809100,terminal,1.000000,43,0.269730,Видны входящие от 1 плательщиков; исходящие — 0% наблюдаемого входящего. Возможный конечный получатель.
100000002773323100,peripheral,0.300000,34,0.733855,Наблюдаемые признаки не достигли порогов других ролей; требуется ручная проверка.
100000002774456100,terminal,1.000000,10,0.405333,Видны входящие от 1 плательщиков; исходящие — 0% наблюдаемого входящего. Возможный конечный получатель.
100000002778085100,terminal,1.000000,3,0.338400,Видны входящие от 1 плательщиков; исходящие — 0% наблюдаемого входящего. Возможный конечный получатель.
100000002779485100,terminal,1.000000,1,0.253175,Видны входящие от 1 плательщиков; исходящие — 0% наблюдаемого входящего. Возможный конечный получатель.
100000002781227100,transit,0.722071,34,0.463620,"Получает от 2, переводит 3 получателям; масштаб наблюдаемых исходящих — 111% входящих. Признаки транзита."
100000002784085100,terminal,1.000000,2,0.299770,Видны входящие от 1 плательщиков; исходящие — 0% наблюдаемого входящего. Возможный конечный получатель.
100000002791494100,peripheral,0.100000,38,0.308353,Обрыв на четвёртом колене: дальнейшие исходящие не наблюдаются; конечный получатель не подтверждён.
100000002793851100,terminal,1.000000,3,0.208760,Видны входящие от 1 плательщиков; исходящие — 0% наблюдаемого входящего. Возможный конечный получатель.
100000002793881100,consolidator,0.825000,34,0.745022,3 плательщиков; наблюдаемый исходящий поток — 0% входящего. Признаки консолидации.
100000002794197100,terminal,1.000000,2,0.179076,Видны входящие от 1 плательщиков; исходящие — 0% наблюдаемого входящего. Возможный конечный получатель.
100000002794374100,peripheral,0.100000,34,0.223261,Обрыв на четвёртом колене: дальнейшие исходящие не наблюдаются; конечный получатель не подтверждён.
100000002796853100,peripheral,0.300000,34,0.254236,Наблюдаемые признаки не достигли порогов других ролей; требуется ручная проверка.
100000002799941100,terminal,1.000000,43,0.347167,Видны входящие от 1 плательщиков; исходящие — 0% наблюдаемого входящего. Возможный конечный получатель.
100000002807334100,terminal,1.000000,9,0.368173,Видны входящие от 1 плательщиков; исходящие — 0% наблюдаемого входящего. Возможный конечный получатель.
100000002809568100,terminal,1.000000,0,0.092828,Видны входящие от 1 плательщиков; исходящие — 0% наблюдаемого входящего. Возможный конечный получатель.
100000002809896100,terminal,1.000000,38,0.192293,Видны входящие от 1 плательщиков; исходящие — 0% наблюдаемого входящего. Возможный конечный получатель.
100000002810870100,terminal,1.000000,32,0.184149,Видны входящие от 1 плательщиков; исходящие — 0% наблюдаемого входящего. Возможный конечный получатель.
100000002812641100,peripheral,0.300000,2,0.192466,Наблюдаемые признаки не достигли порогов других ролей; требуется ручная проверка.
100000002815005100,terminal,1.000000,34,0.442805,Видны входящие от 1 плательщиков; исходящие — 0% наблюдаемого входящего. Возможный конечный получатель.
100000002818726100,terminal,1.000000,0,0.248413,Видны входящие от 1 плательщиков; исходящие — 0% наблюдаемого входящего. Возможный конечный получатель.
100000002820010100,terminal,1.000000,39,0.174002,Видны входящие от 1 плательщиков; исходящие — 0% наблюдаемого входящего. Возможный конечный получатель.
100000002821425100,terminal,1.000000,21,0.420509,Видны входящие от 1 плательщиков; исходящие — 0% наблюдаемого входящего. Возможный конечный получатель.
100000002822472100,terminal,1.000000,21,0.616282,Видны входящие от 2 плательщиков; исходящие — 0% наблюдаемого входящего. Возможный конечный получатель.
100000002824176100,terminal,1.000000,2,0.385262,Видны входящие от 1 плательщиков; исходящие — 0% наблюдаемого входящего. Возможный конечный получатель.
100000002826669100,terminal,1.000000,5,0.431190,Видны входящие от 1 плательщиков; исходящие — 0% наблюдаемого входящего. Возможный конечный получатель.
100000002830055100,terminal,1.000000,32,0.112854,Видны входящие от 1 плательщиков; исходящие — 0% наблюдаемого входящего. Возможный конечный получатель.
100000002831727100,peripheral,0.300000,43,0.193978,Наблюдаемые признаки не достигли порогов других ролей; требуется ручная проверка.
100000002832753100,peripheral,0.100000,3,0.063849,Обрыв на четвёртом колене: дальнейшие исходящие не наблюдаются; конечный получатель не подтверждён.
100000002835874100,peripheral,0.100000,34,0.286590,Обрыв на четвёртом колене: дальнейшие исходящие не наблюдаются; конечный получатель не подтверждён.
100000002836052100,terminal,1.000000,29,0.309917,Видны входящие от 1 плательщиков; исходящие — 0% наблюдаемого входящего. Возможный конечный получатель.
100000002836736100,terminal,1.000000,2,0.643652,Видны входящие от 2 плательщиков; исходящие — 0% наблюдаемого входящего. Возможный конечный получатель.
100000002838519100,terminal,1.000000,16,0.206312,Видны входящие от 1 плательщиков; исходящие — 0% наблюдаемого входящего. Возможный конечный получатель.
100000002838861100,consolidator,0.870492,2,0.910043,5 плательщиков; наблюдаемый исходящий поток — 2% входящего. Признаки консолидации.
100000002842321100,terminal,1.000000,9,0.431324,Видны входящие от 1 плательщиков; исходящие — 0% наблюдаемого входящего. Возможный конечный получатель.
100000002842337100,terminal,1.000000,2,0.212187,Видны входящие от 1 плательщиков; исходящие — 0% наблюдаемого входящего. Возможный конечный получатель.
100000002844652100,terminal,1.000000,2,0.230211,Видны входящие от 1 плательщиков; исходящие — 0% наблюдаемого входящего. Возможный конечный получатель.
100000002844897100,terminal,1.000000,2,0.103508,Видны входящие от 1 плательщиков; исходящие — 0% наблюдаемого входящего. Возможный конечный получатель.
100000002845605100,terminal,1.000000,0,0.226873,Видны входящие от 1 плательщиков; исходящие — 0% наблюдаемого входящего. Возможный конечный получатель.
100000002847207100,terminal,1.000000,1,0.379610,Видны входящие от 1 плательщиков; исходящие — 0% наблюдаемого входящего. Возможный конечный получатель.
100000002849158100,peripheral,0.300000,34,0.787793,Наблюдаемые признаки не достигли порогов других ролей; требуется ручная проверка.
100000002852402100,terminal,1.000000,3,0.223802,Видны входящие от 1 плательщиков; исходящие — 0% наблюдаемого входящего. Возможный конечный получатель.
100000002858835100,terminal,1.000000,32,0.157714,Видны входящие от 1 плательщиков; исходящие — 0% наблюдаемого входящего. Возможный конечный получатель.
100000002860934100,peripheral,0.100000,14,0.272127,Обрыв на четвёртом колене: дальнейшие исходящие не наблюдаются; конечный получатель не подтверждён.
100000002861485100,terminal,1.000000,3,0.277385,Видны входящие от 1 плательщиков; исходящие — 0% наблюдаемого входящего. Возможный конечный получатель.
100000002862113100,terminal,1.000000,16,0.208448,Видны входящие от 1 плательщиков; исходящие — 0% наблюдаемого входящего. Возможный конечный получатель.
100000002863356100,peripheral,0.300000,27,0.157173,Наблюдаемые признаки не достигли порогов других ролей; требуется ручная проверка.
100000002864256100,terminal,1.000000,1,0.451306,Видны входящие от 1 плательщиков; исходящие — 0% наблюдаемого входящего. Возможный конечный получатель.
100000002864680100,terminal,1.000000,7,0.225538,Видны входящие от 1 плательщиков; исходящие — 0% наблюдаемого входящего. Возможный конечный получатель.
100000002870463100,consolidator,0.812923,39,0.799183,3 плательщиков; наблюдаемый исходящий поток — 5% входящего. Признаки консолидации.
100000002870937100,terminal,1.000000,2,0.247701,Видны входящие от 1 плательщиков; исходящие — 0% наблюдаемого входящего. Возможный конечный получатель.
100000002871199100,terminal,1.000000,16,0.151840,Видны входящие от 1 плательщиков; исходящие — 0% наблюдаемого входящего. Возможный конечный получатель.
100000002872399100,terminal,1.000000,2,0.356245,Видны входящие от 1 плательщиков; исходящие — 0% наблюдаемого входящего. Возможный конечный получатель.
100000002876914100,peripheral,0.100000,45,0.060778,Обрыв на четвёртом колене: дальнейшие исходящие не наблюдаются; конечный получатель не подтверждён.
100000002877262100,terminal,1.000000,34,0.403287,Видны входящие от 1 плательщиков; исходящие — 0% наблюдаемого входящего. Возможный конечный получатель.
100000002878467100,terminal,1.000000,34,0.560474,Видны входящие от 2 плательщиков; исходящие — 0% наблюдаемого входящего. Возможный конечный получатель.
100000002878483100,peripheral,0.100000,45,0.035010,Обрыв на четвёртом колене: дальнейшие исходящие не наблюдаются; конечный получатель не подтверждён.
100000002881669100,terminal,1.000000,7,0.134884,Видны входящие от 1 плательщиков; исходящие — 0% наблюдаемого входящего. Возможный конечный получатель.
100000002883402100,consolidator,0.825000,34,0.712979,3 плательщиков; наблюдаемый исходящий поток — 0% входящего. Признаки консолидации.
100000002884708100,peripheral,0.100000,34,0.312447,Обрыв на четвёртом колене: дальнейшие исходящие не наблюдаются; конечный получатель не подтверждён.
100000002886166100,terminal,1.000000,33,0.294964,Видны входящие от 1 плательщиков; исходящие — 0% наблюдаемого входящего. Возможный конечный получатель.
100000002890167100,terminal,1.000000,3,0.374848,Видны входящие от 1 плательщиков; исходящие — 0% наблюдаемого входящего. Возможный конечный получатель.
100000002891765100,terminal,1.000000,16,0.225271,Видны входящие от 1 плательщиков; исходящие — 0% наблюдаемого входящего. Возможный конечный получатель.
100000002893020100,terminal,1.000000,38,0.134750,Видны входящие от 1 плательщиков; исходящие — 0% наблюдаемого входящего. Возможный конечный получатель.
100000002894076100,consolidator,0.850000,2,0.778800,4 плательщиков; наблюдаемый исходящий поток — 0% входящего. Признаки консолидации.
100000002896506100,peripheral,0.100000,29,0.301811,Обрыв на четвёртом колене: дальнейшие исходящие не наблюдаются; конечный получатель не подтверждён.
100000002901457100,peripheral,0.300000,5,0.569590,Наблюдаемые признаки не достигли порогов других ролей; требуется ручная проверка.
100000002904919100,peripheral,0.300000,5,0.343645,Наблюдаемые признаки не достигли порогов других ролей; требуется ручная проверка.
100000002906470100,terminal,1.000000,43,0.274803,Видны входящие от 1 плательщиков; исходящие — 0% наблюдаемого входящего. Возможный конечный получатель.
100000002908521100,terminal,1.000000,30,0.201639,Видны входящие от 1 плательщиков; исходящие — 0% наблюдаемого входящего. Возможный конечный получатель.
100000002911170100,terminal,1.000000,21,0.464702,Видны входящие от 1 плательщиков; исходящие — 0% наблюдаемого входящего. Возможный конечный получатель.
100000002913340100,terminal,1.000000,30,0.153709,Видны входящие от 1 плательщиков; исходящие — 0% наблюдаемого входящего. Возможный конечный получатель.
100000002914245100,terminal,1.000000,29,0.279877,Видны входящие от 1 плательщиков; исходящие — 0% наблюдаемого входящего. Возможный конечный получатель.
100000002916006100,peripheral,0.300000,43,0.010000,"Исходный клиент; входящие до начала обхода неизвестны, поэтому отношение потоков не применялось."
100000002921047100,peripheral,0.300000,2,0.740397,Наблюдаемые признаки не достигли порогов других ролей; требуется ручная проверка.
100000002922000100,peripheral,0.100000,48,0.291352,Обрыв на четвёртом колене: дальнейшие исходящие не наблюдаются; конечный получатель не подтверждён.
100000002926970100,terminal,1.000000,38,0.248368,Видны входящие от 1 плательщиков; исходящие — 0% наблюдаемого входящего. Возможный конечный получатель.
100000002933386100,peripheral,0.300000,0,0.230026,Наблюдаемые признаки не достигли порогов других ролей; требуется ручная проверка.
100000002934441100,terminal,1.000000,0,0.386598,Видны входящие от 2 плательщиков; исходящие — 0% наблюдаемого входящего. Возможный конечный получатель.
100000002936322100,terminal,1.000000,29,0.612944,Видны входящие от 2 плательщиков; исходящие — 0% наблюдаемого входящего. Возможный конечный получатель.
100000002938501100,peripheral,0.300000,3,0.306305,Наблюдаемые признаки не достигли порогов других ролей; требуется ручная проверка.
100000002939838100,consolidator,0.825000,28,0.756771,3 плательщиков; наблюдаемый исходящий поток — 0% входящего. Признаки консолидации.
100000002941114100,peripheral,0.300000,10,0.732831,Наблюдаемые признаки не достигли порогов других ролей; требуется ручная проверка.
100000002943472100,terminal,1.000000,34,0.435329,Видны входящие от 1 плательщиков; исходящие — 0% наблюдаемого входящего. Возможный конечный получатель.
100000002945031100,terminal,1.000000,0,0.260696,Видны входящие от 1 плательщиков; исходящие — 0% наблюдаемого входящего. Возможный конечный получатель.
100000002945626100,consolidator,0.825000,34,0.739281,3 плательщиков; наблюдаемый исходящий поток — 0% входящего. Признаки консолидации.
100000002947299100,terminal,1.000000,0,0.393006,Видны входящие от 1 плательщиков; исходящие — 0% наблюдаемого входящего. Возможный конечный получатель.
100000002948492100,terminal,1.000000,16,0.154109,Видны входящие от 1 плательщиков; исходящие — 0% наблюдаемого входящего. Возможный конечный получатель.
100000002951898100,terminal,1.000000,16,0.194563,Видны входящие от 1 плательщиков; исходящие — 0% наблюдаемого входящего. Возможный конечный получатель.
100000002952631100,terminal,1.000000,3,0.313032,Видны входящие от 1 плательщиков; исходящие — 0% наблюдаемого входящего. Возможный конечный получатель.
100000002952756100,terminal,1.000000,21,0.206713,Видны входящие от 1 плательщиков; исходящие — 0% наблюдаемого входящего. Возможный конечный получатель.
100000002954780100,terminal,1.000000,34,0.276139,Видны входящие от 1 плательщиков; исходящие — 0% наблюдаемого входящего. Возможный конечный получатель.
100000002956769100,consolidator,0.825000,34,0.716762,3 плательщиков; наблюдаемый исходящий поток — 0% входящего. Признаки консолидации.
100000002956779100,terminal,1.000000,28,0.333415,Видны входящие от 1 плательщиков; исходящие — 0% наблюдаемого входящего. Возможный конечный получатель.
100000002956898100,terminal,1.000000,3,0.620688,Видны входящие от 2 плательщиков; исходящие — 0% наблюдаемого входящего. Возможный конечный получатель.
100000002957306100,terminal,1.000000,10,0.682726,Видны входящие от 2 плательщиков; исходящие — 0% наблюдаемого входящего. Возможный конечный получатель.
100000002957787100,coordinator,0.848442,0,0.854784,Достижим от 4 исходных клиентов; связывает части наблюдаемого графа (центральность 0.0035). Кандидат для проверки.
100000002958139100,terminal,1.000000,34,0.407425,Видны входящие от 1 плательщиков; исходящие — 0% наблюдаемого входящего. Возможный конечный получатель.
100000002958286100,terminal,1.000000,2,0.313789,Видны входящие от 1 плательщиков; исходящие — 0% наблюдаемого входящего. Возможный конечный получатель.
100000002958343100,peripheral,0.300000,2,0.317520,Наблюдаемые признаки не достигли порогов других ролей; требуется ручная проверка.
100000002958345100,terminal,1.000000,21,0.426918,Видны входящие от 1 плательщиков; исходящие — 0% наблюдаемого входящего. Возможный конечный получатель.
100000002963189100,peripheral,0.300000,16,0.482185,Наблюдаемые признаки не достигли порогов других ролей; требуется ручная проверка.
100000002964966100,terminal,1.000000,23,0.403820,Видны входящие от 1 плательщиков; исходящие — 0% наблюдаемого входящего. Возможный конечный получатель.
100000002968096100,peripheral,0.100000,1,0.335857,Обрыв на четвёртом колене: дальнейшие исходящие не наблюдаются; конечный получатель не подтверждён.
100000002969048100,terminal,1.000000,39,0.266526,Видны входящие от 1 плательщиков; исходящие — 0% наблюдаемого входящего. Возможный конечный получатель.
100000002970466100,peripheral,0.300000,4,0.387303,Наблюдаемые признаки не достигли порогов других ролей; требуется ручная проверка.
100000002971593100,peripheral,0.100000,9,0.310490,Обрыв на четвёртом колене: дальнейшие исходящие не наблюдаются; конечный получатель не подтверждён.
100000002973903100,consolidator,0.825000,7,0.647291,3 плательщиков; наблюдаемый исходящий поток — 0% входящего. Признаки консолидации.
100000002974256100,terminal,1.000000,7,0.085484,Видны входящие от 1 плательщиков; исходящие — 0% наблюдаемого входящего. Возможный конечный получатель.
100000002975287100,terminal,1.000000,44,0.116058,Видны входящие от 1 плательщиков; исходящие — 0% наблюдаемого входящего. Возможный конечный получатель.
100000002975437100,terminal,0.839623,35,0.343829,Видны входящие от 1 плательщиков; исходящие — 2% наблюдаемого входящего. Возможный конечный получатель.
100000002981489100,peripheral,0.100000,9,0.192466,Обрыв на четвёртом колене: дальнейшие исходящие не наблюдаются; конечный получатель не подтверждён.
100000002981527100,terminal,1.000000,2,0.289890,Видны входящие от 1 плательщиков; исходящие — 0% наблюдаемого входящего. Возможный конечный получатель.
100000002982252100,terminal,1.000000,32,0.145431,Видны входящие от 1 плательщиков; исходящие — 0% наблюдаемого входящего. Возможный конечный получатель.
100000002983426100,terminal,1.000000,38,0.250771,Видны входящие от 1 плательщиков; исходящие — 0% наблюдаемого входящего. Возможный конечный получатель.
100000002983879100,terminal,1.000000,0,0.632926,Видны входящие от 2 плательщиков; исходящие — 0% наблюдаемого входящего. Возможный конечный получатель.
100000002984403100,peripheral,0.300000,12,0.251388,Наблюдаемые признаки не достигли порогов других ролей; требуется ручная проверка.
100000002986245100,peripheral,0.100000,45,0.034610,Обрыв на четвёртом колене: дальнейшие исходящие не наблюдаются; конечный получатель не подтверждён.
100000002988894100,peripheral,0.300000,1,0.634210,Наблюдаемые признаки не достигли порогов других ролей; требуется ручная проверка.
100000002989353100,peripheral,0.300000,21,0.557529,Наблюдаемые признаки не достигли порогов других ролей; требуется ручная проверка.
100000002990675100,terminal,1.000000,9,0.363500,Видны входящие от 1 плательщиков; исходящие — 0% наблюдаемого входящего. Возможный конечный получатель.
100000002991079100,peripheral,0.300000,3,0.656952,Наблюдаемые признаки не достигли порогов других ролей; требуется ручная проверка.
100000002992171100,terminal,1.000000,32,0.115124,Видны входящие от 1 плательщиков; исходящие — 0% наблюдаемого входящего. Возможный конечный получатель.
100000002994441100,peripheral,0.100000,5,0.023795,Обрыв на четвёртом колене: дальнейшие исходящие не наблюдаются; конечный получатель не подтверждён.
100000002999140100,peripheral,0.100000,7,0.047828,Обрыв на четвёртом колене: дальнейшие исходящие не наблюдаются; конечный получатель не подтверждён.
100000003001138100,peripheral,0.100000,14,0.129002,Обрыв на четвёртом колене: дальнейшие исходящие не наблюдаются; конечный получатель не подтверждён.
100000003001564100,peripheral,0.300000,3,0.371326,Наблюдаемые признаки не достигли порогов других ролей; требуется ручная проверка.
100000003001661100,peripheral,0.300000,14,0.409732,Наблюдаемые признаки не достигли порогов других ролей; требуется ручная проверка.
100000003003821100,terminal,1.000000,1,0.369063,Видны входящие от 1 плательщиков; исходящие — 0% наблюдаемого входящего. Возможный конечный получатель.
100000003004487100,peripheral,0.300000,0,0.734610,Наблюдаемые признаки не достигли порогов других ролей; требуется ручная проверка.
100000003005167100,peripheral,0.100000,45,0.038615,Обрыв на четвёртом колене: дальнейшие исходящие не наблюдаются; конечный получатель не подтверждён.
100000003006633100,terminal,1.000000,25,0.092828,Видны входящие от 1 плательщиков; исходящие — 0% наблюдаемого входящего. Возможный конечный получатель.
100000003009900100,terminal,1.000000,38,0.123535,Видны входящие от 1 плательщиков; исходящие — 0% наблюдаемого входящего. Возможный конечный получатель.
100000003010908100,peripheral,0.100000,38,0.081606,Обрыв на четвёртом колене: дальнейшие исходящие не наблюдаются; конечный получатель не подтверждён.
100000003014659100,terminal,1.000000,10,0.505066,Видны входящие от 1 плательщиков; исходящие — 0% наблюдаемого входящего. Возможный конечный получатель.
100000003016438100,peripheral,0.300000,34,0.413738,Наблюдаемые признаки не достигли порогов других ролей; требуется ручная проверка.
100000003016635100,coordinator,0.823887,3,0.930352,Достижим от 3 исходных клиентов; связывает части наблюдаемого графа (центральность 0.0044). Кандидат для проверки.
100000003016773100,terminal,1.000000,7,0.206179,Видны входящие от 1 плательщиков; исходящие — 0% наблюдаемого входящего. Возможный конечный получатель.
100000003022835100,terminal,1.000000,1,0.447300,Видны входящие от 1 плательщиков; исходящие — 0% наблюдаемого входящего. Возможный конечный получатель.
100000003024542100,terminal,1.000000,1,0.263188,Видны входящие от 1 плательщиков; исходящие — 0% наблюдаемого входящего. Возможный конечный получатель.
100000003025903100,peripheral,0.100000,29,0.430383,Обрыв на четвёртом колене: дальнейшие исходящие не наблюдаются; конечный получатель не подтверждён.
100000003031003100,consolidator,0.825000,34,0.710843,3 плательщиков; наблюдаемый исходящий поток — 0% входящего. Признаки консолидации.
100000003031633100,terminal,1.000000,34,0.437598,Видны входящие от 1 плательщиков; исходящие — 0% наблюдаемого входящего. Возможный конечный получатель.
100000003031761100,terminal,1.000000,29,0.338088,Видны входящие от 1 плательщиков; исходящие — 0% наблюдаемого входящего. Возможный конечный получатель.
100000003031890100,terminal,1.000000,46,0.304309,Видны входящие от 1 плательщиков; исходящие — 0% наблюдаемого входящего. Возможный конечный получатель.
100000003034546100,terminal,1.000000,16,0.339824,Видны входящие от 1 плательщиков; исходящие — 0% наблюдаемого входящего. Возможный конечный получатель.
100000003035737100,terminal,0.919120,29,0.813301,Видны входящие от 2 плательщиков; исходящие — 1% наблюдаемого входящего. Возможный конечный получатель.
100000003036198100,terminal,1.000000,0,0.220108,Видны входящие от 1 плательщиков; исходящие — 0% наблюдаемого входящего. Возможный конечный получатель.
100000003037476100,peripheral,0.100000,34,0.582629,Обрыв на четвёртом колене: дальнейшие исходящие не наблюдаются; конечный получатель не подтверждён.
100000003037660100,terminal,1.000000,1,0.395364,Видны входящие от 1 плательщиков; исходящие — 0% наблюдаемого входящего. Возможный конечный получатель.
100000003039473100,terminal,1.000000,3,0.295676,Видны входящие от 1 плательщиков; исходящие — 0% наблюдаемого входящего. Возможный конечный получатель.
100000003040087100,peripheral,0.100000,38,0.231450,Обрыв на четвёртом колене: дальнейшие исходящие не наблюдаются; конечный получатель не подтверждён.
100000003042994100,terminal,1.000000,3,0.423046,Видны входящие от 1 плательщиков; исходящие — 0% наблюдаемого входящего. Возможный конечный получатель.
100000003044431100,terminal,1.000000,0,0.529233,Видны входящие от 2 плательщиков; исходящие — 0% наблюдаемого входящего. Возможный конечный получатель.
100000003044518100,terminal,1.000000,2,0.185618,Видны входящие от 1 плательщиков; исходящие — 0% наблюдаемого входящего. Возможный конечный получатель.
100000003047800100,peripheral,0.100000,21,0.062781,Обрыв на четвёртом колене: дальнейшие исходящие не наблюдаются; конечный получатель не подтверждён.
100000003050771100,terminal,1.000000,0,0.451618,Видны входящие от 1 плательщиков; исходящие — 0% наблюдаемого входящего. Возможный конечный получатель.
100000003054328100,peripheral,0.300000,21,0.233675,Наблюдаемые признаки не достигли порогов других ролей; требуется ручная проверка.
100000003057225100,terminal,1.000000,3,0.413299,Видны входящие от 1 плательщиков; исходящие — 0% наблюдаемого входящего. Возможный конечный получатель.
100000003060187100,terminal,1.000000,43,0.254643,Видны входящие от 1 плательщиков; исходящие — 0% наблюдаемого входящего. Возможный конечный получатель.
100000003060517100,terminal,1.000000,44,0.323001,Видны входящие от 1 плательщиков; исходящие — 0% наблюдаемого входящего. Возможный конечный получатель.
100000003061115100,peripheral,0.100000,5,0.261223,Обрыв на четвёртом колене: дальнейшие исходящие не наблюдаются; конечный получатель не подтверждён.
100000003062895100,terminal,1.000000,7,0.584773,Видны входящие от 2 плательщиков; исходящие — 0% наблюдаемого входящего. Возможный конечный получатель.
100000003066385100,terminal,1.000000,0,0.294074,Видны входящие от 2 плательщиков; исходящие — 0% наблюдаемого входящего. Возможный конечный получатель.
100000003068941100,consolidator,0.758511,39,0.791707,3 плательщиков; наблюдаемый исходящий поток — 27% входящего. Признаки консолидации.
100000003069463100,peripheral,0.300000,13,0.219212,Наблюдаемые признаки не достигли порогов других ролей; требуется ручная проверка.
100000003071649100,terminal,1.000000,34,0.296299,Видны входящие от 1 плательщиков; исходящие — 0% наблюдаемого входящего. Возможный конечный получатель.
100000003071930100,consolidator,0.822383,2,0.921123,3 плательщиков; наблюдаемый исходящий поток — 1% входящего. Признаки консолидации.
100000003072205100,peripheral,0.100000,34,0.544180,Обрыв на четвёртом колене: дальнейшие исходящие не наблюдаются; конечный получатель не подтверждён.
100000003072676100,terminal,1.000000,44,0.181479,Видны входящие от 1 плательщиков; исходящие — 0% наблюдаемого входящего. Возможный конечный получатель.
100000003073398100,terminal,1.000000,39,0.254510,Видны входящие от 1 плательщиков; исходящие — 0% наблюдаемого входящего. Возможный конечный получатель.
100000003073635100,terminal,1.000000,5,0.274670,Видны входящие от 1 плательщиков; исходящие — 0% наблюдаемого входящего. Возможный конечный получатель.
100000003074515100,peripheral,0.100000,34,0.323974,Обрыв на четвёртом колене: дальнейшие исходящие не наблюдаются; конечный получатель не подтверждён.
100000003078839100,peripheral,0.100000,5,0.067854,Обрыв на четвёртом колене: дальнейшие исходящие не наблюдаются; конечный получатель не подтверждён.
100000003083865100,peripheral,0.100000,38,0.175108,Обрыв на четвёртом колене: дальнейшие исходящие не наблюдаются; конечный получатель не подтверждён.
100000003084870100,peripheral,0.100000,21,0.037280,Обрыв на четвёртом колене: дальнейшие исходящие не наблюдаются; конечный получатель не подтверждён.
100000003086040100,terminal,1.000000,0,0.207024,Видны входящие от 1 плательщиков; исходящие — 0% наблюдаемого входящего. Возможный конечный получатель.
100000003087877100,terminal,1.000000,29,0.253709,Видны входящие от 1 плательщиков; исходящие — 0% наблюдаемого входящего. Возможный конечный получатель.
100000003089018100,terminal,1.000000,16,0.307247,Видны входящие от 1 плательщиков; исходящие — 0% наблюдаемого входящего. Возможный конечный получатель.
100000003089553100,terminal,1.000000,34,0.427185,Видны входящие от 1 плательщиков; исходящие — 0% наблюдаемого входящего. Возможный конечный получатель.
100000003091142100,peripheral,0.100000,4,0.253747,Обрыв на четвёртом колене: дальнейшие исходящие не наблюдаются; конечный получатель не подтверждён.
100000003093299100,terminal,1.000000,4,0.220108,Видны входящие от 1 плательщиков; исходящие — 0% наблюдаемого входящего. Возможный конечный получатель.
100000003095610100,terminal,1.000000,38,0.154243,Видны входящие от 1 плательщиков; исходящие — 0% наблюдаемого входящего. Возможный конечный получатель.
100000003096787100,peripheral,0.100000,38,0.184187,Обрыв на четвёртом колене: дальнейшие исходящие не наблюдаются; конечный получатель не подтверждён.
100000003097324100,terminal,1.000000,34,0.620955,Видны входящие от 2 плательщиков; исходящие — 0% наблюдаемого входящего. Возможный конечный получатель.
100000003097947100,peripheral,0.100000,5,0.175865,Обрыв на четвёртом колене: дальнейшие исходящие не наблюдаются; конечный получатель не подтверждён.
100000003102157100,terminal,1.000000,0,0.257046,Видны входящие от 1 плательщиков; исходящие — 0% наблюдаемого входящего. Возможный конечный получатель.
100000003104347100,peripheral,0.300000,26,0.447784,Наблюдаемые признаки не достигли порогов других ролей; требуется ручная проверка.
100000003105089100,peripheral,0.100000,28,0.047828,Обрыв на четвёртом колене: дальнейшие исходящие не наблюдаются; конечный получатель не подтверждён.
100000003105929100,peripheral,0.300000,9,0.593490,Наблюдаемые признаки не достигли порогов других ролей; требуется ручная проверка.
100000003109805100,terminal,1.000000,25,0.190291,Видны входящие от 1 плательщиков; исходящие — 0% наблюдаемого входящего. Возможный конечный получатель.
100000003111305100,consolidator,0.850000,34,0.745289,4 плательщиков; наблюдаемый исходящий поток — 0% входящего. Признаки консолидации.
100000003112436100,terminal,1.000000,28,0.433015,Видны входящие от 1 плательщиков; исходящие — 0% наблюдаемого входящего. Возможный конечный получатель.
100000003112578100,terminal,1.000000,21,0.367639,Видны входящие от 1 плательщиков; исходящие — 0% наблюдаемого входящего. Возможный конечный получатель.
100000003115284100,consolidator,0.890176,10,0.979068,8 плательщиков; наблюдаемый исходящий поток — 24% входящего. Признаки консолидации.
100000003116106100,terminal,1.000000,9,0.484996,Видны входящие от 1 плательщиков; исходящие — 0% наблюдаемого входящего. Возможный конечный получатель.
100000003119550100,terminal,1.000000,32,0.146232,Видны входящие от 1 плательщиков; исходящие — 0% наблюдаемого входящего. Возможный конечный получатель.
100000003122817100,terminal,1.000000,13,0.336085,Видны входящие от 1 плательщиков; исходящие — 0% наблюдаемого входящего. Возможный конечный получатель.
100000003123296100,terminal,1.000000,7,0.249436,Видны входящие от 1 плательщиков; исходящие — 0% наблюдаемого входящего. Возможный конечный получатель.
100000003125997100,peripheral,0.100000,34,0.205371,Обрыв на четвёртом колене: дальнейшие исходящие не наблюдаются; конечный получатель не подтверждён.
100000003128638100,peripheral,0.100000,34,0.275064,Обрыв на четвёртом колене: дальнейшие исходящие не наблюдаются; конечный получатель не подтверждён.
100000003131016100,peripheral,0.300000,5,0.392198,Наблюдаемые признаки не достигли порогов других ролей; требуется ручная проверка.
100000003131693100,terminal,1.000000,1,0.501773,Видны входящие от 1 плательщиков; исходящие — 0% наблюдаемого входящего. Возможный конечный получатель.
100000003132484100,terminal,1.000000,16,0.251439,Видны входящие от 1 плательщиков; исходящие — 0% наблюдаемого входящего. Возможный конечный получатель.
100000003133045100,peripheral,0.100000,42,0.190151,Обрыв на четвёртом колене: дальнейшие исходящие не наблюдаются; конечный получатель не подтверждён.
100000003134474100,terminal,1.000000,9,0.414769,Видны входящие от 1 плательщиков; исходящие — 0% наблюдаемого входящего. Возможный конечный получатель.
100000003134550100,peripheral,0.100000,34,0.213649,Обрыв на четвёртом колене: дальнейшие исходящие не наблюдаются; конечный получатель не подтверждён.
100000003134934100,consolidator,0.850000,1,0.702877,4 плательщиков; наблюдаемый исходящий поток — 0% входящего. Признаки консолидации.
100000003134937100,terminal,1.000000,3,0.206757,Видны входящие от 1 плательщиков; исходящие — 0% наблюдаемого входящего. Возможный конечный получатель.
100000003146511100,peripheral,0.100000,0,0.151878,Обрыв на четвёртом колене: дальнейшие исходящие не наблюдаются; конечный получатель не подтверждён.
100000003147719100,terminal,1.000000,34,0.258649,Видны входящие от 1 плательщиков; исходящие — 0% наблюдаемого входящего. Возможный конечный получатель.
100000003148220100,peripheral,0.300000,54,0.191663,Наблюдаемые признаки не достигли порогов других ролей; требуется ручная проверка.
100000003149149100,terminal,1.000000,9,0.456024,Видны входящие от 1 плательщиков; исходящие — 0% наблюдаемого входящего. Возможный конечный получатель.
100000003152964100,terminal,0.612258,5,0.439646,Видны входящие от 1 плательщиков; исходящие — 4% наблюдаемого входящего. Возможный конечный получатель.
100000003154105100,peripheral,0.300000,28,0.373506,Наблюдаемые признаки не достигли порогов других ролей; требуется ручная проверка.
100000003157333100,terminal,1.000000,39,0.174002,Видны входящие от 1 плательщиков; исходящие — 0% наблюдаемого входящего. Возможный конечный получатель.
100000003157679100,consolidator,0.850000,34,0.747024,4 плательщиков; наблюдаемый исходящий поток — 0% входящего. Признаки консолидации.
100000003158727100,consolidator,0.825000,2,0.721924,3 плательщиков; наблюдаемый исходящий поток — 0% входящего. Признаки консолидации.
100000003159641100,peripheral,0.300000,3,0.733898,Наблюдаемые признаки не достигли порогов других ролей; требуется ручная проверка.
100000003163256100,transit,0.719132,3,0.384938,"Получает от 1, переводит 1 получателям; масштаб наблюдаемых исходящих — 111% входящих. Признаки транзита."
100000003163886100,terminal,1.000000,28,0.445075,Видны входящие от 1 плательщиков; исходящие — 0% наблюдаемого входящего. Возможный конечный получатель.
100000003164661100,terminal,1.000000,47,0.347033,Видны входящие от 1 плательщиков; исходящие — 0% наблюдаемого входящего. Возможный конечный получатель.
100000003166017100,peripheral,0.100000,38,0.175108,Обрыв на четвёртом колене: дальнейшие исходящие не наблюдаются; конечный получатель не подтверждён.
100000003166755100,terminal,1.000000,0,0.260963,Видны входящие от 1 плательщиков; исходящие — 0% наблюдаемого входящего. Возможный конечный получатель.
100000003171006100,terminal,1.000000,34,0.640982,Видны входящие от 2 плательщиков; исходящие — 0% наблюдаемого входящего. Возможный конечный получатель.
100000003171587100,peripheral,0.300000,29,0.781474,Наблюдаемые признаки не достигли порогов других ролей; требуется ручная проверка.
100000003173783100,peripheral,0.100000,21,0.107774,Обрыв на четвёртом колене: дальнейшие исходящие не наблюдаются; конечный получатель не подтверждён.
100000003177533100,peripheral,0.100000,29,0.092420,Обрыв на четвёртом колене: дальнейшие исходящие не наблюдаются; конечный получатель не подтверждён.
100000003178549100,peripheral,0.300000,25,0.605104,Наблюдаемые признаки не достигли порогов других ролей; требуется ручная проверка.
100000003180305100,peripheral,0.100000,1,0.380850,Обрыв на четвёртом колене: дальнейшие исходящие не наблюдаются; конечный получатель не подтверждён.
100000003180820100,peripheral,0.100000,34,0.322505,Обрыв на четвёртом колене: дальнейшие исходящие не наблюдаются; конечный получатель не подтверждён.
100000003186579100,peripheral,0.100000,5,0.222193,Обрыв на четвёртом колене: дальнейшие исходящие не наблюдаются; конечный получатель не подтверждён.
100000003187359100,terminal,1.000000,32,0.136352,Видны входящие от 1 плательщиков; исходящие — 0% наблюдаемого входящего. Возможный конечный получатель.
100000003188607100,peripheral,0.300000,2,0.242754,Наблюдаемые признаки не достигли порогов других ролей; требуется ручная проверка.
100000003190207100,peripheral,0.300000,43,0.286813,Наблюдаемые признаки не достигли порогов других ролей; требуется ручная проверка.
100000003191430100,terminal,1.000000,3,0.292694,Видны входящие от 1 плательщиков; исходящие — 0% наблюдаемого входящего. Возможный конечный получатель.
100000003192220100,terminal,1.000000,3,0.227941,Видны входящие от 1 плательщиков; исходящие — 0% наблюдаемого входящего. Возможный конечный получатель.
100000003192309100,peripheral,0.300000,50,0.083208,Наблюдаемые признаки не достигли порогов других ролей; требуется ручная проверка.
100000003194831100,peripheral,0.100000,21,0.037013,Обрыв на четвёртом колене: дальнейшие исходящие не наблюдаются; конечный получатель не подтверждён.
100000003199390100,peripheral,0.100000,9,0.413694,Обрыв на четвёртом колене: дальнейшие исходящие не наблюдаются; конечный получатель не подтверждён.
100000003200071100,peripheral,0.300000,55,0.010000,"Исходный клиент; входящие до начала обхода неизвестны, поэтому отношение потоков не применялось."
100000003204491100,peripheral,0.300000,5,0.406261,Наблюдаемые признаки не достигли порогов других ролей; требуется ручная проверка.
100000003205210100,terminal,1.000000,1,0.451973,Видны входящие от 1 плательщиков; исходящие — 0% наблюдаемого входящего. Возможный конечный получатель.
100000003207060100,peripheral,0.100000,5,0.280048,Обрыв на четвёртом колене: дальнейшие исходящие не наблюдаются; конечный получатель не подтверждён.
100000003213473100,distributor,0.683333,0,0.551933,Переводит средства 11 различным получателям; признаки веерного распределения.
100000003214786100,peripheral,0.100000,5,0.127845,Обрыв на четвёртом колене: дальнейшие исходящие не наблюдаются; конечный получатель не подтверждён.
100000003215448100,peripheral,0.300000,5,0.384454,Наблюдаемые признаки не достигли порогов других ролей; требуется ручная проверка.
100000003216073100,peripheral,0.300000,29,0.301499,Наблюдаемые признаки не достигли порогов других ролей; требуется ручная проверка.
100000003218308100,terminal,1.000000,4,0.209027,Видны входящие от 1 плательщиков; исходящие — 0% наблюдаемого входящего. Возможный конечный получатель.
100000003219438100,terminal,1.000000,14,0.182147,Видны входящие от 1 плательщиков; исходящие — 0% наблюдаемого входящего. Возможный конечный получатель.
100000003220685100,peripheral,0.100000,9,0.457886,Обрыв на четвёртом колене: дальнейшие исходящие не наблюдаются; конечный получатель не подтверждён.
100000003221384100,terminal,1.000000,3,0.487666,Видны входящие от 1 плательщиков; исходящие — 0% наблюдаемого входящего. Возможный конечный получатель.
100000003221510100,peripheral,0.300000,4,0.390507,Наблюдаемые признаки не достигли порогов других ролей; требуется ручная проверка.
100000003230328100,peripheral,0.100000,0,0.446582,Обрыв на четвёртом колене: дальнейшие исходящие не наблюдаются; конечный получатель не подтверждён.
100000003230329100,peripheral,0.100000,34,0.326243,Обрыв на четвёртом колене: дальнейшие исходящие не наблюдаются; конечный получатель не подтверждён.
100000003232675100,peripheral,0.100000,0,0.259755,Обрыв на четвёртом колене: дальнейшие исходящие не наблюдаются; конечный получатель не подтверждён.
100000003235780100,terminal,1.000000,4,0.493451,Видны входящие от 2 плательщиков; исходящие — 0% наблюдаемого входящего. Возможный конечный получатель.
100000003237045100,peripheral,0.300000,3,0.280805,Наблюдаемые признаки не достигли порогов других ролей; требуется ручная проверка.
100000003239379100,terminal,1.000000,7,0.254109,Видны входящие от 1 плательщиков; исходящие — 0% наблюдаемого входящего. Возможный конечный получатель.
100000003239859100,terminal,1.000000,7,0.134884,Видны входящие от 1 плательщиков; исходящие — 0% наблюдаемого входящего. Возможный конечный получатель.
100000003241965100,terminal,1.000000,38,0.116058,Видны входящие от 1 плательщиков; исходящие — 0% наблюдаемого входящего. Возможный конечный получатель.
100000003242289100,distributor,0.883333,25,0.893767,Переводит средства 23 различным получателям; признаки веерного распределения.
100000003242795100,terminal,1.000000,9,0.412899,Видны входящие от 1 плательщиков; исходящие — 0% наблюдаемого входящего. Возможный конечный получатель.
100000003246024100,peripheral,0.300000,5,0.414762,Наблюдаемые признаки не достигли порогов других ролей; требуется ручная проверка.
100000003247600100,peripheral,0.100000,0,0.182140,Обрыв на четвёртом колене: дальнейшие исходящие не наблюдаются; конечный получатель не подтверждён.
100000003249054100,consolidator,0.887387,0,0.813425,7 плательщиков; наблюдаемый исходящий поток — 15% входящего. Признаки консолидации.
100000003252446100,peripheral,0.100000,34,0.221659,Обрыв на четвёртом колене: дальнейшие исходящие не наблюдаются; конечный получатель не подтверждён.
100000003254277100,transit,0.786433,4,0.484137,"Получает от 1, переводит 1 получателям; масштаб наблюдаемых исходящих — 91% входящих. Признаки транзита."
100000003254723100,terminal,1.000000,22,0.490424,Видны входящие от 1 плательщиков; исходящие — 0% наблюдаемого входящего. Возможный конечный получатель.
100000003265158100,transit,0.861404,22,0.836606,"Получает от 3, переводит 2 получателям; масштаб наблюдаемых исходящих — 106% входящих. Признаки транзита."
100000003265658100,peripheral,0.100000,56,0.000000,Связи в предоставленной выгрузке отсутствуют; роль не определяется по наблюдаемому графу.
100000003270419100,terminal,1.000000,11,0.386597,Видны входящие от 1 плательщиков; исходящие — 0% наблюдаемого входящего. Возможный конечный получатель.
100000003271151100,terminal,1.000000,5,0.274136,Видны входящие от 1 плательщиков; исходящие — 0% наблюдаемого входящего. Возможный конечный получатель.
100000003275398100,peripheral,0.300000,46,0.275064,Наблюдаемые признаки не достигли порогов других ролей; требуется ручная проверка.
100000003278020100,terminal,1.000000,0,0.296432,Видны входящие от 1 плательщиков; исходящие — 0% наблюдаемого входящего. Возможный конечный получатель.
100000003284932100,terminal,1.000000,1,0.410451,Видны входящие от 1 плательщиков; исходящие — 0% наблюдаемого входящего. Возможный конечный получатель.
100000003286537100,terminal,1.000000,34,0.586376,Видны входящие от 2 плательщиков; исходящие — 0% наблюдаемого входящего. Возможный конечный получатель.
100000003289281100,peripheral,0.100000,5,0.149697,Обрыв на четвёртом колене: дальнейшие исходящие не наблюдаются; конечный получатель не подтверждён.
100000003289405100,terminal,1.000000,1,0.327540,Видны входящие от 1 плательщиков; исходящие — 0% наблюдаемого входящего. Возможный конечный получатель.
100000003292191100,terminal,1.000000,34,0.268528,Видны входящие от 1 плательщиков; исходящие — 0% наблюдаемого входящего. Возможный конечный получатель.
100000003292979100,terminal,1.000000,10,0.384684,Видны входящие от 1 плательщиков; исходящие — 0% наблюдаемого входящего. Возможный конечный получатель.
100000003293377100,terminal,1.000000,9,0.356825,Видны входящие от 1 плательщиков; исходящие — 0% наблюдаемого входящего. Возможный конечный получатель.
100000003299365100,transit,1.000000,1,0.484136,"Получает от 1, переводит 1 получателям; масштаб наблюдаемых исходящих — 100% входящих. Признаки транзита."
100000003321423100,terminal,1.000000,10,0.433015,Видны входящие от 1 плательщиков; исходящие — 0% наблюдаемого входящего. Возможный конечный получатель.
100000003321895100,peripheral,0.300000,3,0.286457,Наблюдаемые признаки не достигли порогов других ролей; требуется ручная проверка.
100000003336565100,terminal,1.000000,27,0.126072,Видны входящие от 1 плательщиков; исходящие — 0% наблюдаемого входящего. Возможный конечный получатель.
100000003338583100,terminal,1.000000,33,0.148368,Видны входящие от 1 плательщиков; исходящие — 0% наблюдаемого входящего. Возможный конечный получатель.
100000003345947100,peripheral,0.100000,29,0.199630,Обрыв на четвёртом колене: дальнейшие исходящие не наблюдаются; конечный получатель не подтверждён.
100000003349739100,peripheral,0.100000,57,0.000000,Связи в предоставленной выгрузке отсутствуют; роль не определяется по наблюдаемому графу.
100000003360542100,peripheral,0.300000,10,0.629894,Наблюдаемые признаки не достигли порогов других ролей; требуется ручная проверка.
100000003366154100,peripheral,0.300000,10,0.583964,Наблюдаемые признаки не достигли порогов других ролей; требуется ручная проверка.
100000003366471100,peripheral,0.300000,5,0.699008,Наблюдаемые признаки не достигли порогов других ролей; требуется ручная проверка.
100000003370425100,peripheral,0.100000,0,0.266786,Обрыв на четвёртом колене: дальнейшие исходящие не наблюдаются; конечный получатель не подтверждён.
100000003377795100,terminal,1.000000,2,0.083615,Видны входящие от 1 плательщиков; исходящие — 0% наблюдаемого входящего. Возможный конечный получатель.
100000003390036100,peripheral,0.300000,10,0.796917,Наблюдаемые признаки не достигли порогов других ролей; требуется ручная проверка.
100000003404627100,consolidator,0.850000,5,0.770077,4 плательщиков; наблюдаемый исходящий поток — 0% входящего. Признаки консолидации.
100000003406094100,peripheral,0.300000,3,0.471148,Наблюдаемые признаки не достигли порогов других ролей; требуется ручная проверка.
100000003447411100,peripheral,0.100000,1,0.277200,Обрыв на четвёртом колене: дальнейшие исходящие не наблюдаются; конечный получатель не подтверждён.
100000003448713100,peripheral,0.100000,1,0.270124,Обрыв на четвёртом колене: дальнейшие исходящие не наблюдаются; конечный получатель не подтверждён.
100000003449074100,terminal,1.000000,0,0.092828,Видны входящие от 1 плательщиков; исходящие — 0% наблюдаемого входящего. Возможный конечный получатель.
100000003457710100,peripheral,0.300000,9,0.582542,Наблюдаемые признаки не достигли порогов других ролей; требуется ручная проверка.
100000003470579100,peripheral,0.100000,13,0.282807,Обрыв на четвёртом колене: дальнейшие исходящие не наблюдаются; конечный получатель не подтверждён.
100000003476560100,terminal,1.000000,1,0.386553,Видны входящие от 1 плательщиков; исходящие — 0% наблюдаемого входящего. Возможный конечный получатель.
100000003481025100,peripheral,0.100000,0,0.044890,Обрыв на четвёртом колене: дальнейшие исходящие не наблюдаются; конечный получатель не подтверждён.
100000003484058100,peripheral,0.300000,16,0.381161,Наблюдаемые признаки не достигли порогов других ролей; требуется ручная проверка.
100000003486846100,peripheral,0.100000,3,0.123795,Обрыв на четвёртом колене: дальнейшие исходящие не наблюдаются; конечный получатель не подтверждён.
100000003486970100,terminal,1.000000,9,0.427185,Видны входящие от 1 плательщиков; исходящие — 0% наблюдаемого входящего. Возможный конечный получатель.
100000003497735100,terminal,1.000000,43,0.272934,Видны входящие от 1 плательщиков; исходящие — 0% наблюдаемого входящего. Возможный конечный получатель.
100000003500764100,peripheral,0.100000,25,0.245870,Обрыв на четвёртом колене: дальнейшие исходящие не наблюдаются; конечный получатель не подтверждён.
100000003509750100,transit,0.881820,39,0.593659,"Получает от 3, переводит 3 получателям; масштаб наблюдаемых исходящих — 95% входящих. Признаки транзита."
100000003528285100,peripheral,0.300000,1,0.703547,Наблюдаемые признаки не достигли порогов других ролей; требуется ручная проверка.
100000003557488100,peripheral,0.300000,35,0.477245,Наблюдаемые признаки не достигли порогов других ролей; требуется ручная проверка.
100000003561031100,peripheral,0.300000,5,0.239105,Наблюдаемые признаки не достигли порогов других ролей; требуется ручная проверка.
100000003567087100,terminal,1.000000,32,0.230745,Видны входящие от 1 плательщиков; исходящие — 0% наблюдаемого входящего. Возможный конечный получатель.
100000003568904100,peripheral,0.100000,0,0.269501,Обрыв на четвёртом колене: дальнейшие исходящие не наблюдаются; конечный получатель не подтверждён.
100000003574895100,peripheral,0.300000,4,0.388416,Наблюдаемые признаки не достигли порогов других ролей; требуется ручная проверка.
100000003581109100,terminal,1.000000,4,0.303687,Видны входящие от 1 плательщиков; исходящие — 0% наблюдаемого входящего. Возможный конечный получатель.
100000003582677100,peripheral,0.300000,0,0.465095,Наблюдаемые признаки не достигли порогов других ролей; требуется ручная проверка.
100000003589877100,peripheral,0.300000,7,0.692955,Наблюдаемые признаки не достигли порогов других ролей; требуется ручная проверка.
100000003594472100,terminal,1.000000,35,0.137420,Видны входящие от 1 плательщиков; исходящие — 0% наблюдаемого входящего. Возможный конечный получатель.
100000003603979100,terminal,1.000000,58,0.288555,Видны входящие от 1 плательщиков; исходящие — 0% наблюдаемого входящего. Возможный конечный получатель.
100000003610172100,terminal,1.000000,9,0.380857,Видны входящие от 1 плательщиков; исходящие — 0% наблюдаемого входящего. Возможный конечный получатель.
100000003616818100,peripheral,0.300000,58,0.377778,Наблюдаемые признаки не достигли порогов других ролей; требуется ручная проверка.
100000003617552100,terminal,1.000000,59,0.158649,Видны входящие от 1 плательщиков; исходящие — 0% наблюдаемого входящего. Возможный конечный получатель.
100000003622955100,peripheral,0.100000,10,0.175108,Обрыв на четвёртом колене: дальнейшие исходящие не наблюдаются; конечный получатель не подтверждён.
100000003626268100,peripheral,0.100000,5,0.023795,Обрыв на четвёртом колене: дальнейшие исходящие не наблюдаются; конечный получатель не подтверждён.
100000003631015100,peripheral,0.100000,4,0.373907,Обрыв на четвёртом колене: дальнейшие исходящие не наблюдаются; конечный получатель не подтверждён.
100000003632533100,peripheral,0.100000,44,0.192466,Обрыв на четвёртом колене: дальнейшие исходящие не наблюдаются; конечный получатель не подтверждён.
100000003635170100,transit,0.860335,10,0.884447,"Получает от 3, переводит 4 получателям; масштаб наблюдаемых исходящих — 94% входящих. Признаки транзита."
100000003635660100,terminal,1.000000,5,0.239468,Видны входящие от 1 плательщиков; исходящие — 0% наблюдаемого входящего. Возможный конечный получатель.
100000003636627100,peripheral,0.300000,39,0.198695,Наблюдаемые признаки не достигли порогов других ролей; требуется ручная проверка.
100000003646145100,peripheral,0.100000,23,0.023795,Обрыв на четвёртом колене: дальнейшие исходящие не наблюдаются; конечный получатель не подтверждён.
100000003647799100,terminal,1.000000,9,0.403287,Видны входящие от 1 плательщиков; исходящие — 0% наблюдаемого входящего. Возможный конечный получатель.
100000003650146100,terminal,1.000000,3,0.218907,Видны входящие от 1 плательщиков; исходящие — 0% наблюдаемого входящего. Возможный конечный получатель.
100000003664994100,peripheral,0.100000,9,0.280271,Обрыв на четвёртом колене: дальнейшие исходящие не наблюдаются; конечный получатель не подтверждён.
100000003671721100,terminal,1.000000,38,0.068795,Видны входящие от 1 плательщиков; исходящие — 0% наблюдаемого входящего. Возможный конечный получатель.
100000003677936100,peripheral,0.300000,2,0.352723,Наблюдаемые признаки не достигли порогов других ролей; требуется ручная проверка.
100000003684369100,coordinator,0.897219,1,0.994215,Достижим от 6 исходных клиентов; связывает части наблюдаемого графа (центральность 0.0016). Кандидат для проверки.
100000003692843100,peripheral,0.100000,3,0.297627,Обрыв на четвёртом колене: дальнейшие исходящие не наблюдаются; конечный получатель не подтверждён.
100000003696422100,peripheral,0.100000,35,0.225665,Обрыв на четвёртом колене: дальнейшие исходящие не наблюдаются; конечный получатель не подтверждён.
100000003701161100,consolidator,0.792866,26,0.925663,4 плательщиков; наблюдаемый исходящий поток — 23% входящего. Признаки консолидации.
100000003711830100,terminal,1.000000,5,0.212187,Видны входящие от 1 плательщиков; исходящие — 0% наблюдаемого входящего. Возможный конечный получатель.
100000003713616100,terminal,1.000000,3,0.227318,Видны входящие от 1 плательщиков; исходящие — 0% наблюдаемого входящего. Возможный конечный получатель.
100000003718221100,peripheral,0.300000,26,0.722906,Наблюдаемые признаки не достигли порогов других ролей; требуется ручная проверка.
100000003718715100,peripheral,0.100000,22,0.309643,Обрыв на четвёртом колене: дальнейшие исходящие не наблюдаются; конечный получатель не подтверждён.
100000003724440100,terminal,1.000000,0,0.543207,Видны входящие от 2 плательщиков; исходящие — 0% наблюдаемого входящего. Возможный конечный получатель.
100000003736419100,peripheral,0.300000,5,0.370258,Наблюдаемые признаки не достигли порогов других ролей; требуется ручная проверка.
100000003739818100,terminal,1.000000,1,0.400838,Видны входящие от 1 плательщиков; исходящие — 0% наблюдаемого входящего. Возможный конечный получатель.
100000003741418100,consolidator,0.909299,0,0.845289,9 плательщиков; наблюдаемый исходящий поток — 26% входящего. Признаки консолидации.
100000003747133100,transit,0.863626,0,0.843906,"Получает от 5, переводит 2 получателям; масштаб наблюдаемых исходящих — 105% входящих. Признаки транзита."
100000003760160100,terminal,1.000000,9,0.409295,Видны входящие от 1 плательщиков; исходящие — 0% наблюдаемого входящего. Возможный конечный получатель.
100000003770083100,peripheral,0.100000,60,0.000000,Связи в предоставленной выгрузке отсутствуют; роль не определяется по наблюдаемому графу.
100000003781406100,terminal,1.000000,22,0.306223,Видны входящие от 1 плательщиков; исходящие — 0% наблюдаемого входящего. Возможный конечный получатель.
100000003782913100,peripheral,0.100000,16,0.254770,Обрыв на четвёртом колене: дальнейшие исходящие не наблюдаются; конечный получатель не подтверждён.
100000003786516100,peripheral,0.100000,0,0.168433,Обрыв на четвёртом колене: дальнейшие исходящие не наблюдаются; конечный получатель не подтверждён.
100000003792647100,peripheral,0.100000,44,0.186458,Обрыв на четвёртом колене: дальнейшие исходящие не наблюдаются; конечный получатель не подтверждён.
100000003795588100,terminal,1.000000,5,0.332347,Видны входящие от 1 плательщиков; исходящие — 0% наблюдаемого входящего. Возможный конечный получатель.
100000003796063100,distributor,0.750000,0,0.411880,Переводит средства 15 различным получателям; признаки веерного распределения.
100000003798151100,terminal,1.000000,3,0.326606,Видны входящие от 1 плательщиков; исходящие — 0% наблюдаемого входящего. Возможный конечный получатель.
100000003809101100,peripheral,0.300000,10,0.778847,Наблюдаемые признаки не достигли порогов других ролей; требуется ручная проверка.
100000003814002100,terminal,1.000000,9,0.318640,Видны входящие от 1 плательщиков; исходящие — 0% наблюдаемого входящего. Возможный конечный получатель.
100000003819173100,peripheral,0.100000,1,0.236079,Обрыв на четвёртом колене: дальнейшие исходящие не наблюдаются; конечный получатель не подтверждён.
100000003823811100,peripheral,0.300000,43,0.463760,Наблюдаемые признаки не достигли порогов других ролей; требуется ручная проверка.
100000003824464100,terminal,1.000000,26,0.299770,Видны входящие от 1 плательщиков; исходящие — 0% наблюдаемого входящего. Возможный конечный получатель.
100000003831201100,terminal,1.000000,4,0.301283,Видны входящие от 1 плательщиков; исходящие — 0% наблюдаемого входящего. Возможный конечный получатель.
100000003831324100,terminal,1.000000,2,0.621356,Видны входящие от 2 плательщиков; исходящие — 0% наблюдаемого входящего. Возможный конечный получатель.
100000003832231100,terminal,1.000000,1,0.361052,Видны входящие от 1 плательщиков; исходящие — 0% наблюдаемого входящего. Возможный конечный получатель.
100000003834495100,consolidator,0.816700,5,0.825974,3 плательщиков; наблюдаемый исходящий поток — 3% входящего. Признаки консолидации.
100000003835149100,peripheral,0.300000,18,0.266920,Наблюдаемые признаки не достигли порогов других ролей; требуется ручная проверка.
100000003838587100,peripheral,0.100000,16,0.035010,Обрыв на четвёртом колене: дальнейшие исходящие не наблюдаются; конечный получатель не подтверждён.
100000003843844100,peripheral,0.300000,0,0.398696,Наблюдаемые признаки не достигли порогов других ролей; требуется ручная проверка.
100000003854444100,distributor,0.733333,43,0.529948,Переводит средства 14 различным получателям; признаки веерного распределения.
100000003865939100,terminal,1.000000,61,0.246099,Видны входящие от 1 плательщиков; исходящие — 0% наблюдаемого входящего. Возможный конечный получатель.
100000003873332100,peripheral,0.300000,43,0.304526,Наблюдаемые признаки не достигли порогов других ролей; требуется ручная проверка.
100000003877908100,terminal,1.000000,1,0.369063,Видны входящие от 1 плательщиков; исходящие — 0% наблюдаемого входящего. Возможный конечный получатель.
100000003880331100,distributor,0.766667,1,0.483220,Переводит средства 16 различным получателям; признаки веерного распределения.
100000003886323100,peripheral,0.300000,3,0.619035,Наблюдаемые признаки не достигли порогов других ролей; требуется ручная проверка.
100000003888197100,terminal,1.000000,9,0.392072,Видны входящие от 1 плательщиков; исходящие — 0% наблюдаемого входящего. Возможный конечный получатель.
100000003888271100,peripheral,0.300000,40,0.218054,Наблюдаемые признаки не достигли порогов других ролей; требуется ручная проверка.
100000003888527100,terminal,1.000000,9,0.174002,Видны входящие от 1 плательщиков; исходящие — 0% наблюдаемого входящего. Возможный конечный получатель.
100000003896956100,peripheral,0.300000,3,0.310846,Наблюдаемые признаки не достигли порогов других ролей; требуется ручная проверка.
100000003899325100,terminal,1.000000,29,0.217127,Видны входящие от 1 плательщиков; исходящие — 0% наблюдаемого входящего. Возможный конечный получатель.
100000003899899100,terminal,0.542334,3,0.724783,Видны входящие от 2 плательщиков; исходящие — 5% наблюдаемого входящего. Возможный конечный получатель.
100000003900547100,terminal,1.000000,3,0.258827,Видны входящие от 1 плательщиков; исходящие — 0% наблюдаемого входящего. Возможный конечный получатель.
100000003904497100,peripheral,0.100000,34,0.151878,Обрыв на четвёртом колене: дальнейшие исходящие не наблюдаются; конечный получатель не подтверждён.
100000003917461100,peripheral,0.300000,22,0.310846,Наблюдаемые признаки не достигли порогов других ролей; требуется ручная проверка.
100000003920950100,terminal,1.000000,2,0.323669,Видны входящие от 1 плательщиков; исходящие — 0% наблюдаемого входящего. Возможный конечный получатель.
100000003922499100,terminal,1.000000,7,0.212187,Видны входящие от 1 плательщиков; исходящие — 0% наблюдаемого входящего. Возможный конечный получатель.
100000003923946100,peripheral,0.300000,2,0.377111,Наблюдаемые признаки не достигли порогов других ролей; требуется ручная проверка.
100000003927792100,terminal,1.000000,3,0.255757,Видны входящие от 1 плательщиков; исходящие — 0% наблюдаемого входящего. Возможный конечный получатель.
100000003934614100,peripheral,0.300000,14,0.238260,Наблюдаемые признаки не достигли порогов других ролей; требуется ручная проверка.
100000003942602100,transit,1.000000,32,0.184002,"Получает от 1, переводит 1 получателям; масштаб наблюдаемых исходящих — 100% входящих. Признаки транзита."
100000003943247100,terminal,1.000000,4,0.298747,Видны входящие от 1 плательщиков; исходящие — 0% наблюдаемого входящего. Возможный конечный получатель.
100000003943483100,terminal,1.000000,7,0.196878,Видны входящие от 1 плательщиков; исходящие — 0% наблюдаемого входящего. Возможный конечный получатель.
100000003946524100,transit,0.794534,1,0.805232,"Получает от 2, переводит 2 получателям; масштаб наблюдаемых исходящих — 108% входящих. Признаки транзита."
100000003950749100,peripheral,0.100000,3,0.038615,Обрыв на четвёртом колене: дальнейшие исходящие не наблюдаются; конечный получатель не подтверждён.
100000003951827100,peripheral,0.300000,0,0.304436,Наблюдаемые признаки не достигли порогов других ролей; требуется ручная проверка.
100000003962994100,terminal,1.000000,17,0.092828,Видны входящие от 1 плательщиков; исходящие — 0% наблюдаемого входящего. Возможный конечный получатель.
100000003964910100,terminal,1.000000,25,0.511698,Видны входящие от 2 плательщиков; исходящие — 0% наблюдаемого входящего. Возможный конечный получатель.
100000003968044100,peripheral,0.300000,5,0.435500,Наблюдаемые признаки не достигли порогов других ролей; требуется ручная проверка.
100000003970394100,terminal,1.000000,7,0.248368,Видны входящие от 1 плательщиков; исходящие — 0% наблюдаемого входящего. Возможный конечный получатель.
100000003971049100,terminal,1.000000,25,0.329454,Видны входящие от 1 плательщиков; исходящие — 0% наблюдаемого входящего. Возможный конечный получатель.
100000003975102100,peripheral,0.300000,3,0.119123,"Исходный клиент; входящие до начала обхода неизвестны, поэтому отношение потоков не применялось."
100000003977183100,peripheral,0.300000,2,0.384455,"Исходный клиент; входящие до начала обхода неизвестны, поэтому отношение потоков не применялось."
100000003980083100,terminal,1.000000,55,0.174002,Видны входящие от 1 плательщиков; исходящие — 0% наблюдаемого входящего. Возможный конечный получатель.
100000003985389100,peripheral,0.100000,1,0.433988,Обрыв на четвёртом колене: дальнейшие исходящие не наблюдаются; конечный получатель не подтверждён.
100000003986141100,terminal,1.000000,44,0.077073,Видны входящие от 1 плательщиков; исходящие — 0% наблюдаемого входящего. Возможный конечный получатель.
100000003988112100,peripheral,0.300000,43,0.353480,Наблюдаемые признаки не достигли порогов других ролей; требуется ручная проверка.
100000003989033100,peripheral,0.100000,21,0.284276,Обрыв на четвёртом колене: дальнейшие исходящие не наблюдаются; конечный получатель не подтверждён.
100000003996562100,terminal,1.000000,0,0.086152,Видны входящие от 1 плательщиков; исходящие — 0% наблюдаемого входящего. Возможный конечный получатель.
100000004004621100,consolidator,0.825000,0,0.653834,3 плательщиков; наблюдаемый исходящий поток — 0% входящего. Признаки консолидации.
100000004005964100,peripheral,0.300000,58,0.391397,Наблюдаемые признаки не достигли порогов других ролей; требуется ручная проверка.
100000004006327100,peripheral,0.100000,34,0.275064,Обрыв на четвёртом колене: дальнейшие исходящие не наблюдаются; конечный получатель не подтверждён.
100000004007116100,peripheral,0.300000,58,0.480939,"Исходный клиент; входящие до начала обхода неизвестны, поэтому отношение потоков не применялось."
100000004007197100,terminal,1.000000,33,0.102307,Видны входящие от 1 плательщиков; исходящие — 0% наблюдаемого входящего. Возможный конечный получатель.
100000004013952100,peripheral,0.100000,5,0.033141,Обрыв на четвёртом колене: дальнейшие исходящие не наблюдаются; конечный получатель не подтверждён.
100000004015047100,consolidator,0.956179,2,0.957395,9 плательщиков; наблюдаемый исходящий поток — 8% входящего. Признаки консолидации.
100000004017410100,peripheral,0.300000,14,0.590284,Наблюдаемые признаки не достигли порогов других ролей; требуется ручная проверка.
100000004019056100,peripheral,0.100000,0,0.271237,Обрыв на четвёртом колене: дальнейшие исходящие не наблюдаются; конечный получатель не подтверждён.
100000004019124100,peripheral,0.300000,3,0.619256,"Исходный клиент; входящие до начала обхода неизвестны, поэтому отношение потоков не применялось."
100000004021459100,peripheral,0.100000,62,0.000000,Связи в предоставленной выгрузке отсутствуют; роль не определяется по наблюдаемому графу.
100000004030553100,peripheral,0.100000,29,0.191219,Обрыв на четвёртом колене: дальнейшие исходящие не наблюдаются; конечный получатель не подтверждён.
100000004035925100,peripheral,0.100000,3,0.311779,Обрыв на четвёртом колене: дальнейшие исходящие не наблюдаются; конечный получатель не подтверждён.
100000004041163100,peripheral,0.300000,43,0.534522,"Исходный клиент; входящие до начала обхода неизвестны, поэтому отношение потоков не применялось."
100000004041294100,peripheral,0.100000,12,0.086679,Обрыв на четвёртом колене: дальнейшие исходящие не наблюдаются; конечный получатель не подтверждён.
100000004047887100,peripheral,0.100000,9,0.273640,Обрыв на четвёртом колене: дальнейшие исходящие не наблюдаются; конечный получатель не подтверждён.
100000004049912100,peripheral,0.100000,43,0.047828,Обрыв на четвёртом колене: дальнейшие исходящие не наблюдаются; конечный получатель не подтверждён.
100000004058740100,terminal,1.000000,32,0.174002,Видны входящие от 1 плательщиков; исходящие — 0% наблюдаемого входящего. Возможный конечный получатель.
100000004064431100,peripheral,0.300000,33,0.119523,Наблюдаемые признаки не достигли порогов других ролей; требуется ручная проверка.
100000004066370100,peripheral,0.100000,23,0.187747,Обрыв на четвёртом колене: дальнейшие исходящие не наблюдаются; конечный получатель не подтверждён.
100000004066647100,terminal,1.000000,43,0.218195,Видны входящие от 1 плательщиков; исходящие — 0% наблюдаемого входящего. Возможный конечный получатель.
100000004070318100,distributor,0.816667,0,0.824919,Переводит средства 19 различным получателям; признаки веерного распределения.
100000004070530100,peripheral,0.100000,9,0.237058,Обрыв на четвёртом колене: дальнейшие исходящие не наблюдаются; конечный получатель не подтверждён.
100000004071070100,peripheral,0.300000,0,0.413471,Наблюдаемые признаки не достигли порогов других ролей; требуется ручная проверка.
100000004071080100,consolidator,0.926278,0,0.824728,9 плательщиков; наблюдаемый исходящий поток — 19% входящего. Признаки консолидации.
100000004071444100,peripheral,0.300000,5,0.425754,Наблюдаемые признаки не достигли порогов других ролей; требуется ручная проверка.
100000004076740100,peripheral,0.300000,14,0.583698,Наблюдаемые признаки не достигли порогов других ролей; требуется ручная проверка.
100000004077081100,peripheral,0.300000,0,0.551522,Наблюдаемые признаки не достигли порогов других ролей; требуется ручная проверка.
100000004094958100,transit,0.935897,63,0.203095,"Получает от 1, переводит 1 получателям; масштаб наблюдаемых исходящих — 103% входящих. Признаки транзита."
100000004096559100,terminal,1.000000,2,0.205111,Видны входящие от 1 плательщиков; исходящие — 0% наблюдаемого входящего. Возможный конечный получатель.
100000004097972100,peripheral,0.300000,5,0.506261,Наблюдаемые признаки не достигли порогов других ролей; требуется ручная проверка.
100000004099450100,terminal,1.000000,1,0.180144,Видны входящие от 1 плательщиков; исходящие — 0% наблюдаемого входящего. Возможный конечный получатель.
100000004105288100,terminal,1.000000,10,0.654822,Видны входящие от 2 плательщиков; исходящие — 0% наблюдаемого входящего. Возможный конечный получатель.
100000004107228100,peripheral,0.100000,1,0.127845,Обрыв на четвёртом колене: дальнейшие исходящие не наблюдаются; конечный получатель не подтверждён.
100000004114962100,terminal,1.000000,9,0.589847,Видны входящие от 2 плательщиков; исходящие — 0% наблюдаемого входящего. Возможный конечный получатель.
100000004130144100,terminal,1.000000,2,0.299770,Видны входящие от 1 плательщиков; исходящие — 0% наблюдаемого входящего. Возможный конечный получатель.
100000004134060100,terminal,1.000000,34,0.425004,Видны входящие от 1 плательщиков; исходящие — 0% наблюдаемого входящего. Возможный конечный получатель.
100000004135268100,transit,0.518160,53,0.524635,"Получает от 2, переводит 3 получателям; масштаб наблюдаемых исходящих — 81% входящих. Признаки транзита."
100000004140487100,distributor,0.666667,0,0.375120,Переводит средства 10 различным получателям; признаки веерного распределения.
100000004140994100,terminal,1.000000,30,0.135151,Видны входящие от 1 плательщиков; исходящие — 0% наблюдаемого входящего. Возможный конечный получатель.
100000004144536100,consolidator,0.850000,46,0.518319,4 плательщиков; наблюдаемый исходящий поток — 0% входящего. Признаки консолидации.
100000004150593100,distributor,0.683333,3,0.594034,Переводит средства 11 различным получателям; признаки веерного распределения.
100000004156082100,distributor,0.933333,3,0.921494,Переводит средства 26 различным получателям; признаки веерного распределения.
100000004158362100,terminal,1.000000,0,0.209828,Видны входящие от 1 плательщиков; исходящие — 0% наблюдаемого входящего. Возможный конечный получатель.
100000004159526100,consolidator,0.788190,16,0.877599,4 плательщиков; наблюдаемый исходящий поток — 25% входящего. Признаки консолидации.
100000004160650100,distributor,0.666667,33,0.428347,Переводит средства 10 различным получателям; признаки веерного распределения.
100000004167082100,peripheral,0.100000,0,0.170569,Обрыв на четвёртом колене: дальнейшие исходящие не наблюдаются; конечный получатель не подтверждён.
100000004174835100,peripheral,0.100000,64,0.000000,Связи в предоставленной выгрузке отсутствуют; роль не определяется по наблюдаемому графу.
100000004177936100,peripheral,0.100000,5,0.047828,Обрыв на четвёртом колене: дальнейшие исходящие не наблюдаются; конечный получатель не подтверждён.
100000004180097100,peripheral,0.300000,28,0.592732,Наблюдаемые признаки не достигли порогов других ролей; требуется ручная проверка.
100000004183610100,peripheral,0.300000,22,0.366653,Наблюдаемые признаки не достигли порогов других ролей; требуется ручная проверка.
100000004184158100,terminal,1.000000,5,0.302841,Видны входящие от 1 плательщиков; исходящие — 0% наблюдаемого входящего. Возможный конечный получатель.
100000004185681100,terminal,1.000000,0,0.092828,Видны входящие от 1 плательщиков; исходящие — 0% наблюдаемого входящего. Возможный конечный получатель.
100000004186824100,terminal,0.845030,3,0.597857,Видны входящие от 2 плательщиков; исходящие — 2% наблюдаемого входящего. Возможный конечный получатель.
100000004188160100,coordinator,0.823776,3,0.795817,Достижим от 3 исходных клиентов; связывает части наблюдаемого графа (центральность 0.0042). Кандидат для проверки.
100000004192107100,terminal,1.000000,23,0.262699,Видны входящие от 1 плательщиков; исходящие — 0% наблюдаемого входящего. Возможный конечный получатель.
100000004192865100,terminal,1.000000,24,0.234617,Видны входящие от 1 плательщиков; исходящие — 0% наблюдаемого входящего. Возможный конечный получатель.
100000004193835100,peripheral,0.300000,3,0.463716,"Исходный клиент; входящие до начала обхода неизвестны, поэтому отношение потоков не применялось."
100000004200745100,peripheral,0.100000,22,0.333853,Обрыв на четвёртом колене: дальнейшие исходящие не наблюдаются; конечный получатель не подтверждён.
100000004206046100,terminal,1.000000,3,0.208894,Видны входящие от 1 плательщиков; исходящие — 0% наблюдаемого входящего. Возможный конечный получатель.
100000004209339100,peripheral,0.300000,10,0.580850,Наблюдаемые признаки не достигли порогов других ролей; требуется ручная проверка.
100000004213658100,terminal,1.000000,32,0.163455,Видны входящие от 1 плательщиков; исходящие — 0% наблюдаемого входящего. Возможный конечный получатель.
100000004217419100,peripheral,0.300000,5,0.645604,Наблюдаемые признаки не достигли порогов других ролей; требуется ручная проверка.
100000004218576100,terminal,1.000000,32,0.165458,Видны входящие от 1 плательщиков; исходящие — 0% наблюдаемого входящего. Возможный конечный получатель.
100000004221668100,peripheral,0.300000,34,0.659577,Наблюдаемые признаки не достигли порогов других ролей; требуется ручная проверка.
100000004222274100,peripheral,0.100000,0,0.076132,Обрыв на четвёртом колене: дальнейшие исходящие не наблюдаются; конечный получатель не подтверждён.
100000004225615100,terminal,1.000000,16,0.251439,Видны входящие от 1 плательщиков; исходящие — 0% наблюдаемого входящего. Возможный конечный получатель.
100000004226848100,terminal,1.000000,1,0.496433,Видны входящие от 1 плательщиков; исходящие — 0% наблюдаемого входящего. Возможный конечный получатель.
100000004232712100,peripheral,0.100000,9,0.208487,Обрыв на четвёртом колене: дальнейшие исходящие не наблюдаются; конечный получатель не подтверждён.
100000004235471100,peripheral,0.100000,9,0.392332,Обрыв на четвёртом колене: дальнейшие исходящие не наблюдаются; конечный получатель не подтверждён.
100000004241142100,peripheral,0.100000,4,0.229047,Обрыв на четвёртом колене: дальнейшие исходящие не наблюдаются; конечный получатель не подтверждён.
100000004254434100,terminal,1.000000,32,0.201239,Видны входящие от 1 плательщиков; исходящие — 0% наблюдаемого входящего. Возможный конечный получатель.
100000004257714100,terminal,1.000000,30,0.220064,Видны входящие от 1 плательщиков; исходящие — 0% наблюдаемого входящего. Возможный конечный получатель.
100000004260869100,peripheral,0.100000,3,0.047828,Обрыв на четвёртом колене: дальнейшие исходящие не наблюдаются; конечный получатель не подтверждён.
100000004261340100,peripheral,0.100000,0,0.268566,Обрыв на четвёртом колене: дальнейшие исходящие не наблюдаются; конечный получатель не подтверждён.
100000004263867100,peripheral,0.100000,45,0.044890,Обрыв на четвёртом колене: дальнейшие исходящие не наблюдаются; конечный получатель не подтверждён.
100000004265639100,peripheral,0.100000,5,0.047828,Обрыв на четвёртом колене: дальнейшие исходящие не наблюдаются; конечный получатель не подтверждён.
100000004268036100,peripheral,0.100000,45,0.033141,Обрыв на четвёртом колене: дальнейшие исходящие не наблюдаются; конечный получатель не подтверждён.
100000004269433100,peripheral,0.300000,10,0.010000,"Исходный клиент; входящие до начала обхода неизвестны, поэтому отношение потоков не применялось."
100000004272302100,peripheral,0.100000,0,0.047828,Обрыв на четвёртом колене: дальнейшие исходящие не наблюдаются; конечный получатель не подтверждён.
100000004278574100,peripheral,0.300000,9,0.417255,Наблюдаемые признаки не достигли порогов других ролей; требуется ручная проверка.
100000004285800100,peripheral,0.300000,5,0.198161,Наблюдаемые признаки не достигли порогов других ролей; требуется ручная проверка.
100000004286573100,terminal,1.000000,7,0.126205,Видны входящие от 1 плательщиков; исходящие — 0% наблюдаемого входящего. Возможный конечный получатель.
100000004291560100,terminal,1.000000,4,0.311964,Видны входящие от 1 плательщиков; исходящие — 0% наблюдаемого входящего. Возможный конечный получатель.
100000004291663100,peripheral,0.100000,0,0.217699,Обрыв на четвёртом колене: дальнейшие исходящие не наблюдаются; конечный получатель не подтверждён.
100000004292885100,terminal,1.000000,30,0.268795,Видны входящие от 1 плательщиков; исходящие — 0% наблюдаемого входящего. Возможный конечный получатель.
100000004299488100,consolidator,0.850686,5,0.896915,6 плательщиков; наблюдаемый исходящий поток — 20% входящего. Признаки консолидации.
100000004315838100,peripheral,0.300000,1,0.670615,Наблюдаемые признаки не достигли порогов других ролей; требуется ручная проверка.
100000004318918100,terminal,1.000000,10,0.430166,Видны входящие от 1 плательщиков; исходящие — 0% наблюдаемого входящего. Возможный конечный получатель.
100000004321983100,peripheral,0.300000,34,0.215740,Наблюдаемые признаки не достигли порогов других ролей; требуется ручная проверка.
100000004325327100,transit,0.971158,4,0.685071,"Получает от 2, переводит 1 получателям; масштаб наблюдаемых исходящих — 99% входящих. Признаки транзита."
100000004326224100,peripheral,0.100000,9,0.327579,Обрыв на четвёртом колене: дальнейшие исходящие не наблюдаются; конечный получатель не подтверждён.
100000004330371100,peripheral,0.300000,3,0.689262,Наблюдаемые признаки не достигли порогов других ролей; требуется ручная проверка.
100000004331458100,terminal,1.000000,63,0.468707,Видны входящие от 2 плательщиков; исходящие — 0% наблюдаемого входящего. Возможный конечный получатель.
100000004336228100,terminal,1.000000,5,0.219129,Видны входящие от 1 плательщиков; исходящие — 0% наблюдаемого входящего. Возможный конечный получатель.
100000004336312100,transit,0.508793,14,0.616980,"Получает от 3, переводит 2 получателям; масштаб наблюдаемых исходящих — 80% входящих. Признаки транзита."
100000004340038100,peripheral,0.300000,0,0.351166,Наблюдаемые признаки не достигли порогов других ролей; требуется ручная проверка.
100000004350094100,peripheral,0.100000,5,0.092420,Обрыв на четвёртом колене: дальнейшие исходящие не наблюдаются; конечный получатель не подтверждён.
100000004351795100,coordinator,0.822664,25,0.837383,Достижим от 3 исходных клиентов; связывает части наблюдаемого графа (центральность 0.0022). Кандидат для проверки.
100000004356593100,peripheral,0.300000,0,0.430205,Наблюдаемые признаки не достигли порогов других ролей; требуется ручная проверка.
100000004358004100,distributor,0.683333,23,0.085000,Переводит средства 11 различным получателям; признаки веерного распределения.
100000004360785100,terminal,1.000000,3,0.360028,Видны входящие от 1 плательщиков; исходящие — 0% наблюдаемого входящего. Возможный конечный получатель.
100000004368189100,peripheral,0.300000,21,0.546848,Наблюдаемые признаки не достигли порогов других ролей; требуется ручная проверка.
100000004377043100,peripheral,0.100000,14,0.034343,Обрыв на четвёртом колене: дальнейшие исходящие не наблюдаются; конечный получатель не подтверждён.
100000004379306100,peripheral,0.100000,5,0.071058,Обрыв на четвёртом колене: дальнейшие исходящие не наблюдаются; конечный получатель не подтверждён.
100000004386258100,peripheral,0.300000,22,0.697850,Наблюдаемые признаки не достигли порогов других ролей; требуется ручная проверка.
100000004386286100,peripheral,0.100000,22,0.167899,Обрыв на четвёртом колене: дальнейшие исходящие не наблюдаются; конечный получатель не подтверждён.
100000004386331100,transit,0.687500,22,0.410438,"Получает от 1, переводит 2 получателям; масштаб наблюдаемых исходящих — 88% входящих. Признаки транзита."
100000004388209100,terminal,1.000000,32,0.105645,Видны входящие от 1 плательщиков; исходящие — 0% наблюдаемого входящего. Возможный конечный получатель.
100000004388353100,terminal,1.000000,10,0.580056,Видны входящие от 2 плательщиков; исходящие — 0% наблюдаемого входящего. Возможный конечный получатель.
100000004388983100,peripheral,0.300000,65,0.010000,"Исходный клиент; входящие до начала обхода неизвестны, поэтому отношение потоков не применялось."
100000004390333100,distributor,0.650000,0,0.716108,Переводит средства 9 различным получателям; признаки веерного распределения.
100000004394765100,consolidator,0.790844,3,0.896068,3 плательщиков; наблюдаемый исходящий поток — 14% входящего. Признаки консолидации.
100000004398811100,peripheral,0.300000,28,0.447872,Наблюдаемые признаки не достигли порогов других ролей; требуется ручная проверка.
100000004399686100,terminal,1.000000,18,0.352908,Видны входящие от 1 плательщиков; исходящие — 0% наблюдаемого входящего. Возможный конечный получатель.
100000004400305100,distributor,1.000000,4,0.833554,Переводит средства 82 различным получателям; признаки веерного распределения.
100000004400361100,terminal,1.000000,28,0.267194,Видны входящие от 1 плательщиков; исходящие — 0% наблюдаемого входящего. Возможный конечный получатель.
100000004400480100,peripheral,0.100000,21,0.103235,Обрыв на четвёртом колене: дальнейшие исходящие не наблюдаются; конечный получатель не подтверждён.
100000004403548100,peripheral,0.100000,5,0.023795,Обрыв на четвёртом колене: дальнейшие исходящие не наблюдаются; конечный получатель не подтверждён.
100000004403641100,peripheral,0.100000,34,0.246359,Обрыв на четвёртом колене: дальнейшие исходящие не наблюдаются; конечный получатель не подтверждён.
100000004403675100,peripheral,0.300000,43,0.780094,Наблюдаемые признаки не достигли порогов других ролей; требуется ручная проверка.
100000004407753100,peripheral,0.300000,14,0.267053,Наблюдаемые признаки не достигли порогов других ролей; требуется ручная проверка.
100000004408683100,terminal,1.000000,3,0.529900,Видны входящие от 2 плательщиков; исходящие — 0% наблюдаемого входящего. Возможный конечный получатель.
100000004410489100,terminal,1.000000,0,0.327051,Видны входящие от 1 плательщиков; исходящие — 0% наблюдаемого входящего. Возможный конечный получатель.
100000004417753100,terminal,1.000000,1,0.557937,Видны входящие от 2 плательщиков; исходящие — 0% наблюдаемого входящего. Возможный конечный получатель.
100000004418967100,peripheral,0.100000,34,0.213649,Обрыв на четвёртом колене: дальнейшие исходящие не наблюдаются; конечный получатель не подтверждён.
100000004420041100,peripheral,0.300000,7,0.382585,Наблюдаемые признаки не достигли порогов других ролей; требуется ручная проверка.
100000004424023100,peripheral,0.300000,2,0.513961,Наблюдаемые признаки не достигли порогов других ролей; требуется ручная проверка.
100000004433250100,peripheral,0.100000,4,0.145870,Обрыв на четвёртом колене: дальнейшие исходящие не наблюдаются; конечный получатель не подтверждён.
100000004435304100,terminal,1.000000,27,0.166526,Видны входящие от 1 плательщиков; исходящие — 0% наблюдаемого входящего. Возможный конечный получатель.
100000004441291100,terminal,1.000000,1,0.311786,Видны входящие от 1 плательщиков; исходящие — 0% наблюдаемого входящего. Возможный конечный получатель.
100000004445291100,terminal,1.000000,12,0.136886,Видны входящие от 1 плательщиков; исходящие — 0% наблюдаемого входящего. Возможный конечный получатель.
100000004449824100,peripheral,0.100000,45,0.044890,Обрыв на четвёртом колене: дальнейшие исходящие не наблюдаются; конечный получатель не подтверждён.
100000004450649100,peripheral,0.300000,9,0.712627,Наблюдаемые признаки не достигли порогов других ролей; требуется ручная проверка.
100000004451012100,peripheral,0.300000,43,0.390819,Наблюдаемые признаки не достигли порогов других ролей; требуется ручная проверка.
100000004456564100,terminal,1.000000,16,0.237466,Видны входящие от 1 плательщиков; исходящие — 0% наблюдаемого входящего. Возможный конечный получатель.
100000004463277100,terminal,1.000000,31,0.186686,Видны входящие от 1 плательщиков; исходящие — 0% наблюдаемого входящего. Возможный конечный получатель.
100000004467157100,peripheral,0.300000,14,0.092420,Наблюдаемые признаки не достигли порогов других ролей; требуется ручная проверка.
100000004472936100,peripheral,0.100000,0,0.127845,Обрыв на четвёртом колене: дальнейшие исходящие не наблюдаются; конечный получатель не подтверждён.
100000004475818100,peripheral,0.300000,0,0.253702,Наблюдаемые признаки не достигли порогов других ролей; требуется ручная проверка.
100000004479404100,peripheral,0.300000,48,0.762693,Наблюдаемые признаки не достигли порогов других ролей; требуется ручная проверка.
100000004480280100,peripheral,0.300000,22,0.584855,Наблюдаемые признаки не достигли порогов других ролей; требуется ручная проверка.
100000004486525100,peripheral,0.300000,0,0.622818,Наблюдаемые признаки не достигли порогов других ролей; требуется ручная проверка.
100000004488265100,terminal,1.000000,5,0.192828,Видны входящие от 1 плательщиков; исходящие — 0% наблюдаемого входящего. Возможный конечный получатель.
100000004491749100,terminal,1.000000,39,0.212187,Видны входящие от 1 плательщиков; исходящие — 0% наблюдаемого входящего. Возможный конечный получатель.
100000004491881100,terminal,1.000000,32,0.127540,Видны входящие от 1 плательщиков; исходящие — 0% наблюдаемого входящего. Возможный конечный получатель.
100000004493586100,terminal,1.000000,0,0.085618,Видны входящие от 1 плательщиков; исходящие — 0% наблюдаемого входящего. Возможный конечный получатель.
100000004494983100,terminal,1.000000,32,0.186686,Видны входящие от 1 плательщиков; исходящие — 0% наблюдаемого входящего. Возможный конечный получатель.
100000004497606100,terminal,1.000000,32,0.121399,Видны входящие от 1 плательщиков; исходящие — 0% наблюдаемого входящего. Возможный конечный получатель.
100000004500444100,peripheral,0.300000,16,0.563316,Наблюдаемые признаки не достигли порогов других ролей; требуется ручная проверка.
100000004500781100,peripheral,0.100000,16,0.195892,Обрыв на четвёртом колене: дальнейшие исходящие не наблюдаются; конечный получатель не подтверждён.
100000004502048100,peripheral,0.100000,43,0.067587,Обрыв на четвёртом колене: дальнейшие исходящие не наблюдаются; конечный получатель не подтверждён.
100000004508696100,peripheral,0.300000,17,0.218410,Наблюдаемые признаки не достигли порогов других ролей; требуется ручная проверка.
100000004509286100,terminal,1.000000,1,0.369063,Видны входящие от 1 плательщиков; исходящие — 0% наблюдаемого входящего. Возможный конечный получатель.
100000004526651100,peripheral,0.100000,34,0.242532,Обрыв на четвёртом колене: дальнейшие исходящие не наблюдаются; конечный получатель не подтверждён.
100000004527381100,peripheral,0.300000,3,0.226599,Наблюдаемые признаки не достигли порогов других ролей; требуется ручная проверка.
100000004539443100,terminal,1.000000,1,0.491182,Видны входящие от 2 плательщиков; исходящие — 0% наблюдаемого входящего. Возможный конечный получатель.
100000004544958100,peripheral,0.300000,10,0.578224,Наблюдаемые признаки не достигли порогов других ролей; требуется ручная проверка.
100000004549591100,peripheral,0.100000,17,0.165451,Обрыв на четвёртом колене: дальнейшие исходящие не наблюдаются; конечный получатель не подтверждён.
100000004552204100,peripheral,0.300000,23,0.264205,Наблюдаемые признаки не достигли порогов других ролей; требуется ручная проверка.
100000004553349100,terminal,1.000000,0,0.086552,Видны входящие от 1 плательщиков; исходящие — 0% наблюдаемого входящего. Возможный конечный получатель.
100000004559194100,terminal,1.000000,3,0.422378,Видны входящие от 1 плательщиков; исходящие — 0% наблюдаемого входящего. Возможный конечный получатель.
100000004564736100,terminal,1.000000,26,0.220108,Видны входящие от 1 плательщиков; исходящие — 0% наблюдаемого входящего. Возможный конечный получатель.
100000004569484100,peripheral,0.300000,38,0.672617,Наблюдаемые признаки не достигли порогов других ролей; требуется ручная проверка.
100000004569637100,peripheral,0.100000,5,0.033141,Обрыв на четвёртом колене: дальнейшие исходящие не наблюдаются; конечный получатель не подтверждён.
100000004571634100,peripheral,0.100000,0,0.092420,Обрыв на четвёртом колене: дальнейшие исходящие не наблюдаются; конечный получатель не подтверждён.
100000004573782100,terminal,1.000000,2,0.116058,Видны входящие от 1 плательщиков; исходящие — 0% наблюдаемого входящего. Возможный конечный получатель.
100000004580202100,peripheral,0.300000,26,0.334076,Наблюдаемые признаки не достигли порогов других ролей; требуется ручная проверка.
100000004580254100,terminal,1.000000,25,0.326918,Видны входящие от 2 плательщиков; исходящие — 0% наблюдаемого входящего. Возможный конечный получатель.
100000004584730100,peripheral,0.100000,48,0.161713,Обрыв на четвёртом колене: дальнейшие исходящие не наблюдаются; конечный получатель не подтверждён.
100000004586598100,peripheral,0.100000,22,0.306706,Обрыв на четвёртом колене: дальнейшие исходящие не наблюдаются; конечный получатель не подтверждён.
100000004587414100,terminal,1.000000,5,0.645388,Видны входящие от 2 плательщиков; исходящие — 0% наблюдаемого входящего. Возможный конечный получатель.
100000004588479100,terminal,1.000000,3,0.396477,Видны входящие от 1 плательщиков; исходящие — 0% наблюдаемого входящего. Возможный конечный получатель.
100000004591973100,peripheral,0.300000,22,0.310846,Наблюдаемые признаки не достигли порогов других ролей; требуется ручная проверка.
100000004592467100,terminal,1.000000,1,0.083615,Видны входящие от 1 плательщиков; исходящие — 0% наблюдаемого входящего. Возможный конечный получатель.
100000004596284100,peripheral,0.100000,3,0.129002,Обрыв на четвёртом колене: дальнейшие исходящие не наблюдаются; конечный получатель не подтверждён.
100000004601193100,peripheral,0.100000,0,0.202834,Обрыв на четвёртом колене: дальнейшие исходящие не наблюдаются; конечный получатель не подтверждён.
100000004603109100,consolidator,0.788370,18,0.684986,3 плательщиков; наблюдаемый исходящий поток — 15% входящего. Признаки консолидации.
100000004610802100,peripheral,0.100000,0,0.265718,Обрыв на четвёртом колене: дальнейшие исходящие не наблюдаются; конечный получатель не подтверждён.
100000004611571100,terminal,1.000000,4,0.254421,Видны входящие от 1 плательщиков; исходящие — 0% наблюдаемого входящего. Возможный конечный получатель.
100000004613582100,peripheral,0.300000,2,0.023795,Наблюдаемые признаки не достигли порогов других ролей; требуется ручная проверка.
100000004616845100,peripheral,0.100000,16,0.100030,Обрыв на четвёртом колене: дальнейшие исходящие не наблюдаются; конечный получатель не подтверждён.
100000004622227100,peripheral,0.300000,0,0.289172,Наблюдаемые признаки не достигли порогов других ролей; требуется ручная проверка.
100000004629688100,peripheral,0.300000,3,0.168433,Наблюдаемые признаки не достигли порогов других ролей; требуется ручная проверка.
100000004634420100,terminal,1.000000,30,0.165725,Видны входящие от 1 плательщиков; исходящие — 0% наблюдаемого входящего. Возможный конечный получатель.
100000004635886100,terminal,1.000000,3,0.255088,Видны входящие от 1 плательщиков; исходящие — 0% наблюдаемого входящего. Возможный конечный получатель.
100000004644615100,peripheral,0.300000,21,0.172794,Наблюдаемые признаки не достигли порогов других ролей; требуется ручная проверка.
100000004652395100,peripheral,0.100000,0,0.541909,Обрыв на четвёртом колене: дальнейшие исходящие не наблюдаются; конечный получатель не подтверждён.
100000004655046100,peripheral,0.100000,38,0.110578,Обрыв на четвёртом колене: дальнейшие исходящие не наблюдаются; конечный получатель не подтверждён.
100000004657034100,terminal,1.000000,9,0.425049,Видны входящие от 1 плательщиков; исходящие — 0% наблюдаемого входящего. Возможный конечный получатель.
100000004659919100,peripheral,0.300000,1,0.485211,Наблюдаемые признаки не достигли порогов других ролей; требуется ручная проверка.
100000004662806100,peripheral,0.300000,7,0.657308,Наблюдаемые признаки не достигли порогов других ролей; требуется ручная проверка.
100000004664515100,terminal,1.000000,0,0.191893,Видны входящие от 1 плательщиков; исходящие — 0% наблюдаемого входящего. Возможный конечный получатель.
100000004664905100,terminal,1.000000,3,0.584907,Видны входящие от 2 плательщиков; исходящие — 0% наблюдаемого входящего. Возможный конечный получатель.
100000004666651100,terminal,1.000000,1,0.509116,Видны входящие от 1 плательщиков; исходящие — 0% наблюдаемого входящего. Возможный конечный получатель.
100000004670388100,peripheral,0.300000,6,0.416097,Наблюдаемые признаки не достигли порогов других ролей; требуется ручная проверка.
100000004671609100,terminal,1.000000,34,0.258649,Видны входящие от 1 плательщиков; исходящие — 0% наблюдаемого входящего. Возможный конечный получатель.
100000004673335100,peripheral,0.100000,21,0.199763,Обрыв на четвёртом колене: дальнейшие исходящие не наблюдаются; конечный получатель не подтверждён.
100000004674178100,peripheral,0.100000,12,0.092420,Обрыв на четвёртом колене: дальнейшие исходящие не наблюдаются; конечный получатель не подтверждён.
100000004674389100,peripheral,0.100000,0,0.071058,Обрыв на четвёртом колене: дальнейшие исходящие не наблюдаются; конечный получатель не подтверждён.
100000004674412100,peripheral,0.100000,0,0.159710,Обрыв на четвёртом колене: дальнейшие исходящие не наблюдаются; конечный получатель не подтверждён.
100000004674799100,terminal,1.000000,5,0.423313,Видны входящие от 1 плательщиков; исходящие — 0% наблюдаемого входящего. Возможный конечный получатель.
100000004676985100,transit,0.600279,4,0.455832,"Получает от 1, переводит 1 получателям; масштаб наблюдаемых исходящих — 84% входящих. Признаки транзита."
100000004677680100,peripheral,0.300000,10,0.706618,Наблюдаемые признаки не достигли порогов других ролей; требуется ручная проверка.
100000004679953100,consolidator,0.800185,5,0.843553,3 плательщиков; наблюдаемый исходящий поток — 10% входящего. Признаки консолидации.
100000004687099100,terminal,1.000000,2,0.174002,Видны входящие от 1 плательщиков; исходящие — 0% наблюдаемого входящего. Возможный конечный получатель.
100000004687282100,terminal,1.000000,3,0.137420,Видны входящие от 1 плательщиков; исходящие — 0% наблюдаемого входящего. Возможный конечный получатель.
100000004689658100,terminal,0.844508,29,0.496655,Видны входящие от 1 плательщиков; исходящие — 2% наблюдаемого входящего. Возможный конечный получатель.
100000004691350100,peripheral,0.100000,6,0.066519,Обрыв на четвёртом колене: дальнейшие исходящие не наблюдаются; конечный получатель не подтверждён.
100000004692798100,peripheral,0.300000,7,0.422239,Наблюдаемые признаки не достигли порогов других ролей; требуется ручная проверка.
100000004697956100,transit,1.000000,39,0.102828,"Получает от 1, переводит 1 получателям; масштаб наблюдаемых исходящих — 100% входящих. Признаки транзита."
100000004698193100,peripheral,0.300000,39,0.575910,Наблюдаемые признаки не достигли порогов других ролей; требуется ручная проверка.
100000004707703100,transit,0.920079,3,0.769584,"Получает от 2, переводит 5 получателям; масштаб наблюдаемых исходящих — 97% входящих. Признаки транзита."
100000004713684100,terminal,1.000000,4,0.295409,Видны входящие от 1 плательщиков; исходящие — 0% наблюдаемого входящего. Возможный конечный получатель.
100000004714705100,peripheral,0.300000,43,0.010000,"Исходный клиент; входящие до начала обхода неизвестны, поэтому отношение потоков не применялось."
100000004715209100,peripheral,0.300000,42,0.209287,Наблюдаемые признаки не достигли порогов других ролей; требуется ручная проверка.
100000004717647100,peripheral,0.300000,48,0.460556,Наблюдаемые признаки не достигли порогов других ролей; требуется ручная проверка.
100000004722630100,peripheral,0.100000,6,0.280404,Обрыв на четвёртом колене: дальнейшие исходящие не наблюдаются; конечный получатель не подтверждён.
100000004722765100,peripheral,0.300000,0,0.444624,Наблюдаемые признаки не достигли порогов других ролей; требуется ручная проверка.
100000004723755100,peripheral,0.300000,1,0.010000,"Исходный клиент; входящие до начала обхода неизвестны, поэтому отношение потоков не применялось."
100000004726132100,peripheral,0.300000,5,0.440307,Наблюдаемые признаки не достигли порогов других ролей; требуется ручная проверка.
100000004732589100,terminal,1.000000,38,0.306579,Видны входящие от 1 плательщиков; исходящие — 0% наблюдаемого входящего. Возможный конечный получатель.
100000004737477100,transit,0.541413,4,0.641058,"Получает от 2, переводит 1 получателям; масштаб наблюдаемых исходящих — 82% входящих. Признаки транзита."
100000004737764100,terminal,1.000000,1,0.347167,Видны входящие от 1 плательщиков; исходящие — 0% наблюдаемого входящего. Возможный конечный получатель.
100000004739664100,transit,0.583333,41,0.115778,"Получает от 1, переводит 1 получателям; масштаб наблюдаемых исходящих — 83% входящих. Признаки транзита."
100000004741837100,terminal,1.000000,3,0.268039,Видны входящие от 1 плательщиков; исходящие — 0% наблюдаемого входящего. Возможный конечный получатель.
100000004744306100,peripheral,0.300000,43,0.515652,Наблюдаемые признаки не достигли порогов других ролей; требуется ручная проверка.
100000004746397100,terminal,0.658345,9,0.643073,Видны входящие от 1 плательщиков; исходящие — 3% наблюдаемого входящего. Возможный конечный получатель.
100000004747154100,peripheral,0.100000,42,0.189884,Обрыв на четвёртом колене: дальнейшие исходящие не наблюдаются; конечный получатель не подтверждён.
100000004750321100,terminal,1.000000,38,0.518552,Видны входящие от 2 плательщиков; исходящие — 0% наблюдаемого входящего. Возможный конечный получатель.
100000004750897100,terminal,1.000000,3,0.237466,Видны входящие от 1 плательщиков; исходящие — 0% наблюдаемого входящего. Возможный конечный получатель.
100000004756901100,terminal,1.000000,28,0.459717,Видны входящие от 1 плательщиков; исходящие — 0% наблюдаемого входящего. Возможный конечный получатель.
100000004759121100,peripheral,0.300000,5,0.828425,Наблюдаемые признаки не достигли порогов других ролей; требуется ручная проверка.
100000004765639100,peripheral,0.300000,28,0.023795,Наблюдаемые признаки не достигли порогов других ролей; требуется ручная проверка.
100000004770073100,transit,0.997908,0,0.246842,"Получает от 1, переводит 1 получателям; масштаб наблюдаемых исходящих — 100% входящих. Признаки транзита."
100000004777215100,peripheral,0.100000,28,0.286991,Обрыв на четвёртом колене: дальнейшие исходящие не наблюдаются; конечный получатель не подтверждён.
100000004779204100,peripheral,0.300000,4,0.397361,Наблюдаемые признаки не достигли порогов других ролей; требуется ручная проверка.
100000004780083100,peripheral,0.100000,0,0.047694,Обрыв на четвёртом колене: дальнейшие исходящие не наблюдаются; конечный получатель не подтверждён.
100000004780327100,peripheral,0.100000,45,0.060778,Обрыв на четвёртом колене: дальнейшие исходящие не наблюдаются; конечный получатель не подтверждён.
100000004783447100,terminal,1.000000,32,0.166526,Видны входящие от 1 плательщиков; исходящие — 0% наблюдаемого входящего. Возможный конечный получатель.
100000004784224100,peripheral,0.300000,18,0.107774,Наблюдаемые признаки не достигли порогов других ролей; требуется ручная проверка.
100000004788983100,peripheral,0.100000,4,0.227845,Обрыв на четвёртом колене: дальнейшие исходящие не наблюдаются; конечный получатель не подтверждён.
100000004790991100,terminal,1.000000,3,0.414368,Видны входящие от 1 плательщиков; исходящие — 0% наблюдаемого входящего. Возможный конечный получатель.
100000004791226100,peripheral,0.100000,4,0.196470,Обрыв на четвёртом колене: дальнейшие исходящие не наблюдаются; конечный получатель не подтверждён.
100000004792397100,terminal,1.000000,32,0.240625,Видны входящие от 1 плательщиков; исходящие — 0% наблюдаемого входящего. Возможный конечный получатель.
100000004797167100,peripheral,0.100000,29,0.135144,Обрыв на четвёртом колене: дальнейшие исходящие не наблюдаются; конечный получатель не подтверждён.
100000004798515100,peripheral,0.100000,7,0.254770,Обрыв на четвёртом колене: дальнейшие исходящие не наблюдаются; конечный получатель не подтверждён.
100000004800452100,peripheral,0.100000,29,0.182319,Обрыв на четвёртом колене: дальнейшие исходящие не наблюдаются; конечный получатель не подтверждён.
100000004800648100,peripheral,0.100000,7,0.230471,Обрыв на четвёртом колене: дальнейшие исходящие не наблюдаются; конечный получатель не подтверждён.
100000004806903100,terminal,1.000000,1,0.319886,Видны входящие от 1 плательщиков; исходящие — 0% наблюдаемого входящего. Возможный конечный получатель.
100000004813068100,peripheral,0.300000,18,0.010000,"Исходный клиент; входящие до начала обхода неизвестны, поэтому отношение потоков не применялось."
100000004816564100,terminal,0.824856,3,0.622468,Видны входящие от 1 плательщиков; исходящие — 2% наблюдаемого входящего. Возможный конечный получатель.
100000004820260100,transit,0.798783,3,0.622054,"Получает от 1, переводит 3 получателям; масштаб наблюдаемых исходящих — 92% входящих. Признаки транзита."
100000004825069100,terminal,1.000000,27,0.174002,Видны входящие от 1 плательщиков; исходящие — 0% наблюдаемого входящего. Возможный конечный получатель.
100000004840086100,peripheral,0.100000,5,0.213649,Обрыв на четвёртом колене: дальнейшие исходящие не наблюдаются; конечный получатель не подтверждён.
100000004841728100,terminal,1.000000,32,0.219930,Видны входящие от 1 плательщиков; исходящие — 0% наблюдаемого входящего. Возможный конечный получатель.
100000004847758100,distributor,0.750000,0,0.789139,Переводит средства 15 различным получателям; признаки веерного распределения.
100000004848236100,peripheral,0.100000,4,0.144668,Обрыв на четвёртом колене: дальнейшие исходящие не наблюдаются; конечный получатель не подтверждён.
100000004850609100,peripheral,0.100000,0,0.047828,Обрыв на четвёртом колене: дальнейшие исходящие не наблюдаются; конечный получатель не подтверждён.
100000004856746100,peripheral,0.100000,14,0.092420,Обрыв на четвёртом колене: дальнейшие исходящие не наблюдаются; конечный получатель не подтверждён.
100000004877085100,peripheral,0.300000,0,0.440664,Наблюдаемые признаки не достигли порогов других ролей; требуется ручная проверка.
100000004889043100,terminal,1.000000,4,0.617484,Видны входящие от 2 плательщиков; исходящие — 0% наблюдаемого входящего. Возможный конечный получатель.
100000004890713100,peripheral,0.100000,38,0.256150,Обрыв на четвёртом колене: дальнейшие исходящие не наблюдаются; конечный получатель не подтверждён.
100000004891562100,peripheral,0.100000,45,0.219256,Обрыв на четвёртом колене: дальнейшие исходящие не наблюдаются; конечный получатель не подтверждён.
100000004892144100,terminal,0.599333,18,0.623892,Видны входящие от 2 плательщиков; исходящие — 4% наблюдаемого входящего. Возможный конечный получатель.
100000004904960100,terminal,1.000000,5,0.513167,Видны входящие от 2 плательщиков; исходящие — 0% наблюдаемого входящего. Возможный конечный получатель.
100000004905207100,terminal,1.000000,16,0.474715,Видны входящие от 1 плательщиков; исходящие — 0% наблюдаемого входящего. Возможный конечный получатель.
100000004906181100,peripheral,0.300000,9,0.548852,Наблюдаемые признаки не достигли порогов других ролей; требуется ручная проверка.
100000004908173100,peripheral,0.100000,34,0.101232,Обрыв на четвёртом колене: дальнейшие исходящие не наблюдаются; конечный получатель не подтверждён.
100000004911971100,peripheral,0.100000,9,0.286324,Обрыв на четвёртом колене: дальнейшие исходящие не наблюдаются; конечный получатель не подтверждён.
100000004917367100,terminal,1.000000,9,0.573158,Видны входящие от 2 плательщиков; исходящие — 0% наблюдаемого входящего. Возможный конечный получатель.
100000004921657100,peripheral,0.300000,1,0.147338,Наблюдаемые признаки не достигли порогов других ролей; требуется ручная проверка.
100000004931931100,peripheral,0.300000,5,0.373462,Наблюдаемые признаки не достигли порогов других ролей; требуется ручная проверка.
100000004948177100,consolidator,0.825000,3,0.658150,3 плательщиков; наблюдаемый исходящий поток — 0% входящего. Признаки консолидации.
100000004950490100,terminal,1.000000,2,0.092828,Видны входящие от 1 плательщиков; исходящие — 0% наблюдаемого входящего. Возможный конечный получатель.
100000004959752100,terminal,1.000000,29,0.324069,Видны входящие от 1 плательщиков; исходящие — 0% наблюдаемого входящего. Возможный конечный получатель.
100000004962193100,consolidator,0.950000,0,0.733986,8 плательщиков; наблюдаемый исходящий поток — 0% входящего. Признаки консолидации.
100000004970752100,terminal,1.000000,4,0.092828,Видны входящие от 1 плательщиков; исходящие — 0% наблюдаемого входящего. Возможный конечный получатель.
100000004971871100,peripheral,0.300000,54,0.114272,"Исходный клиент; входящие до начала обхода неизвестны, поэтому отношение потоков не применялось."
100000004975919100,peripheral,0.300000,5,0.280849,Наблюдаемые признаки не достигли порогов других ролей; требуется ручная проверка.
100000004976946100,peripheral,0.100000,4,0.370569,Обрыв на четвёртом колене: дальнейшие исходящие не наблюдаются; конечный получатель не подтверждён.
100000004979264100,peripheral,0.100000,34,0.149430,Обрыв на четвёртом колене: дальнейшие исходящие не наблюдаются; конечный получатель не подтверждён.
100000004979283100,terminal,1.000000,38,0.196833,Видны входящие от 1 плательщиков; исходящие — 0% наблюдаемого входящего. Возможный конечный получатель.
100000004979498100,peripheral,0.300000,53,0.304303,Наблюдаемые признаки не достигли порогов других ролей; требуется ручная проверка.
100000004981068100,peripheral,0.100000,0,0.151878,Обрыв на четвёртом колене: дальнейшие исходящие не наблюдаются; конечный получатель не подтверждён.
100000004984689100,terminal,1.000000,5,0.221532,Видны входящие от 1 плательщиков; исходящие — 0% наблюдаемого входящего. Возможный конечный получатель.
100000004988240100,peripheral,0.100000,4,0.196470,Обрыв на четвёртом колене: дальнейшие исходящие не наблюдаются; конечный получатель не подтверждён.
100000004991593100,peripheral,0.100000,0,0.301811,Обрыв на четвёртом колене: дальнейшие исходящие не наблюдаются; конечный получатель не подтверждён.
100000004991812100,terminal,1.000000,26,0.196878,Видны входящие от 1 плательщиков; исходящие — 0% наблюдаемого входящего. Возможный конечный получатель.
100000004993576100,terminal,1.000000,3,0.434395,Видны входящие от 1 плательщиков; исходящие — 0% наблюдаемого входящего. Возможный конечный получатель.
100000004997515100,consolidator,0.815506,34,0.933540,4 плательщиков; наблюдаемый исходящий поток — 14% входящего. Признаки консолидации.
100000005008589100,terminal,1.000000,0,0.199904,Видны входящие от 1 плательщиков; исходящие — 0% наблюдаемого входящего. Возможный конечный получатель.
100000005010159100,peripheral,0.100000,29,0.040217,Обрыв на четвёртом колене: дальнейшие исходящие не наблюдаются; конечный получатель не подтверждён.
100000005017150100,peripheral,0.100000,66,0.000000,Связи в предоставленной выгрузке отсутствуют; роль не определяется по наблюдаемому графу.
100000005022552100,terminal,0.792531,3,0.414768,Видны входящие от 1 плательщиков; исходящие — 2% наблюдаемого входящего. Возможный конечный получатель.
100000005022964100,terminal,1.000000,1,0.311786,Видны входящие от 1 плательщиков; исходящие — 0% наблюдаемого входящего. Возможный конечный получатель.
100000005025629100,peripheral,0.100000,9,0.176578,Обрыв на четвёртом колене: дальнейшие исходящие не наблюдаются; конечный получатель не подтверждён.
100000005030592100,terminal,1.000000,3,0.237466,Видны входящие от 1 плательщиков; исходящие — 0% наблюдаемого входящего. Возможный конечный получатель.
100000005031696100,peripheral,0.300000,1,0.383653,Наблюдаемые признаки не достигли порогов других ролей; требуется ручная проверка.
100000005032294100,terminal,1.000000,16,0.237466,Видны входящие от 1 плательщиков; исходящие — 0% наблюдаемого входящего. Возможный конечный получатель.
100000005034574100,terminal,1.000000,65,0.313922,Видны входящие от 1 плательщиков; исходящие — 0% наблюдаемого входящего. Возможный конечный получатель.
100000005037490100,peripheral,0.300000,22,0.334076,Наблюдаемые признаки не достигли порогов других ролей; требуется ручная проверка.
100000005041147100,peripheral,0.100000,5,0.151878,Обрыв на четвёртом колене: дальнейшие исходящие не наблюдаются; конечный получатель не подтверждён.
100000005041905100,peripheral,0.300000,30,0.023795,Наблюдаемые признаки не достигли порогов других ролей; требуется ручная проверка.
100000005042822100,peripheral,0.100000,35,0.310044,Обрыв на четвёртом колене: дальнейшие исходящие не наблюдаются; конечный получатель не подтверждён.
100000005048668100,distributor,0.633333,0,0.683888,Переводит средства 8 различным получателям; признаки веерного распределения.
100000005049404100,peripheral,0.100000,9,0.357753,Обрыв на четвёртом колене: дальнейшие исходящие не наблюдаются; конечный получатель не подтверждён.
100000005052998100,peripheral,0.300000,5,0.150676,Наблюдаемые признаки не достигли порогов других ролей; требуется ручная проверка.
100000005053653100,peripheral,0.300000,0,0.676400,Наблюдаемые признаки не достигли порогов других ролей; требуется ручная проверка.
100000005055454100,terminal,1.000000,47,0.082280,Видны входящие от 1 плательщиков; исходящие — 0% наблюдаемого входящего. Возможный конечный получатель.
100000005056870100,terminal,1.000000,52,0.137420,Видны входящие от 1 плательщиков; исходящие — 0% наблюдаемого входящего. Возможный конечный получатель.
100000005059998100,terminal,1.000000,0,0.132080,Видны входящие от 1 плательщиков; исходящие — 0% наблюдаемого входящего. Возможный конечный получатель.
100000005061890100,terminal,1.000000,0,0.251439,Видны входящие от 1 плательщиков; исходящие — 0% наблюдаемого входящего. Возможный конечный получатель.
100000005074393100,peripheral,0.300000,11,0.872794,Наблюдаемые признаки не достигли порогов других ролей; требуется ручная проверка.
100000005075949100,peripheral,0.100000,0,0.316452,Обрыв на четвёртом колене: дальнейшие исходящие не наблюдаются; конечный получатель не подтверждён.
100000005077484100,peripheral,0.300000,47,0.237547,Наблюдаемые признаки не достигли порогов других ролей; требуется ручная проверка.
100000005079473100,peripheral,0.100000,29,0.148629,Обрыв на четвёртом колене: дальнейшие исходящие не наблюдаются; конечный получатель не подтверждён.
100000005079754100,peripheral,0.300000,1,0.551077,Наблюдаемые признаки не достигли порогов других ролей; требуется ручная проверка.
100000005082652100,terminal,1.000000,2,0.174002,Видны входящие от 1 плательщиков; исходящие — 0% наблюдаемого входящего. Возможный конечный получатель.
100000005087431100,peripheral,0.100000,67,0.000000,Связи в предоставленной выгрузке отсутствуют; роль не определяется по наблюдаемому графу.
100000005087923100,peripheral,0.100000,2,0.092420,Обрыв на четвёртом колене: дальнейшие исходящие не наблюдаются; конечный получатель не подтверждён.
100000005089460100,terminal,1.000000,30,0.108048,Видны входящие от 1 плательщиков; исходящие — 0% наблюдаемого входящего. Возможный конечный получатель.
100000005092518100,terminal,1.000000,32,0.165458,Видны входящие от 1 плательщиков; исходящие — 0% наблюдаемого входящего. Возможный конечный получатель.
100000005093521100,terminal,1.000000,1,0.294830,Видны входящие от 1 плательщиков; исходящие — 0% наблюдаемого входящего. Возможный конечный получатель.
100000005100475100,terminal,1.000000,39,0.194697,Видны входящие от 1 плательщиков; исходящие — 0% наблюдаемого входящего. Возможный конечный получатель.
100000005105153100,terminal,1.000000,5,0.318640,Видны входящие от 1 плательщиков; исходящие — 0% наблюдаемого входящего. Возможный конечный получатель.
100000005124479100,peripheral,0.300000,5,0.739640,Наблюдаемые признаки не достигли порогов других ролей; требуется ручная проверка.
100000005127767100,terminal,1.000000,17,0.083615,Видны входящие от 1 плательщиков; исходящие — 0% наблюдаемого входящего. Возможный конечный получатель.
100000005133757100,terminal,1.000000,29,0.563767,Видны входящие от 2 плательщиков; исходящие — 0% наблюдаемого входящего. Возможный конечный получатель.
100000005140601100,peripheral,0.300000,5,0.513115,Наблюдаемые признаки не достигли порогов других ролей; требуется ручная проверка.
100000005142492100,peripheral,0.300000,39,0.047828,Наблюдаемые признаки не достигли порогов других ролей; требуется ручная проверка.
100000005142589100,terminal,1.000000,0,0.316237,Видны входящие от 1 плательщиков; исходящие — 0% наблюдаемого входящего. Возможный конечный получатель.
100000005146665100,peripheral,0.100000,16,0.033141,Обрыв на четвёртом колене: дальнейшие исходящие не наблюдаются; конечный получатель не подтверждён.
100000005168487100,peripheral,0.300000,10,0.245424,Наблюдаемые признаки не достигли порогов других ролей; требуется ручная проверка.
100000005171642100,transit,0.952641,34,0.673277,"Получает от 2, переводит 1 получателям; масштаб наблюдаемых исходящих — 98% входящих. Признаки транзита."
100000005172860100,terminal,1.000000,0,0.120731,Видны входящие от 1 плательщиков; исходящие — 0% наблюдаемого входящего. Возможный конечный получатель.
100000005175148100,peripheral,0.300000,3,0.500788,Наблюдаемые признаки не достигли порогов других ролей; требуется ручная проверка.
100000005182219100,terminal,1.000000,9,0.525094,Видны входящие от 2 плательщиков; исходящие — 0% наблюдаемого входящего. Возможный конечный получатель.
100000005183943100,terminal,1.000000,20,0.349036,Видны входящие от 1 плательщиков; исходящие — 0% наблюдаемого входящего. Возможный конечный получатель.
100000005186109100,terminal,1.000000,3,0.213433,Видны входящие от 1 плательщиков; исходящие — 0% наблюдаемого входящего. Возможный конечный получатель.
100000005186131100,transit,1.000000,4,0.365846,"Получает от 1, переводит 1 получателям; масштаб наблюдаемых исходящих — 100% входящих. Признаки транзита."
100000005187208100,terminal,1.000000,0,0.114456,Видны входящие от 1 плательщиков; исходящие — 0% наблюдаемого входящего. Возможный конечный получатель.
100000005189258100,peripheral,0.100000,0,0.167187,Обрыв на четвёртом колене: дальнейшие исходящие не наблюдаются; конечный получатель не подтверждён.
100000005198498100,terminal,1.000000,30,0.172133,Видны входящие от 1 плательщиков; исходящие — 0% наблюдаемого входящего. Возможный конечный получатель.
100000005198906100,peripheral,0.300000,9,0.565319,Наблюдаемые признаки не достигли порогов других ролей; требуется ручная проверка.
100000005203590100,terminal,1.000000,39,0.251439,Видны входящие от 1 плательщиков; исходящие — 0% наблюдаемого входящего. Возможный конечный получатель.
100000005205745100,terminal,1.000000,2,0.224648,Видны входящие от 1 плательщиков; исходящие — 0% наблюдаемого входящего. Возможный конечный получатель.
100000005209352100,peripheral,0.100000,5,0.127845,Обрыв на четвёртом колене: дальнейшие исходящие не наблюдаются; конечный получатель не подтверждён.
100000005222360100,peripheral,0.300000,16,0.220769,Наблюдаемые признаки не достигли порогов других ролей; требуется ручная проверка.
100000005226217100,peripheral,0.100000,34,0.188593,Обрыв на четвёртом колене: дальнейшие исходящие не наблюдаются; конечный получатель не подтверждён.
100000005228059100,terminal,1.000000,32,0.164523,Видны входящие от 1 плательщиков; исходящие — 0% наблюдаемого входящего. Возможный конечный получатель.
100000005233755100,peripheral,0.300000,44,0.272617,Наблюдаемые признаки не достигли порогов других ролей; требуется ручная проверка.
100000005235389100,peripheral,0.100000,68,0.000000,Связи в предоставленной выгрузке отсутствуют; роль не определяется по наблюдаемому графу.
100000005237935150,terminal,1.000000,21,0.185885,Видны входящие от 1 плательщиков; исходящие — 0% наблюдаемого входящего. Возможный конечный получатель.
100000005241556100,terminal,1.000000,34,0.258649,Видны входящие от 1 плательщиков; исходящие — 0% наблюдаемого входящего. Возможный конечный получатель.
100000005242320100,distributor,0.850000,21,0.807252,Переводит средства 21 различным получателям; признаки веерного распределения.
100000005264874100,peripheral,0.300000,23,0.284676,Наблюдаемые признаки не достигли порогов других ролей; требуется ручная проверка.
100000005264990100,peripheral,0.300000,43,0.373996,"Исходный клиент; входящие до начала обхода неизвестны, поэтому отношение потоков не применялось."
100000005265073100,peripheral,0.300000,43,0.300431,Наблюдаемые признаки не достигли порогов других ролей; требуется ручная проверка.
100000005268319100,peripheral,0.300000,0,0.272260,Наблюдаемые признаки не достигли порогов других ролей; требуется ручная проверка.
100000005272139100,peripheral,0.100000,3,0.243555,Обрыв на четвёртом колене: дальнейшие исходящие не наблюдаются; конечный получатель не подтверждён.
100000005287097100,distributor,0.650000,3,0.802980,Переводит средства 9 различным получателям; признаки веерного распределения.
100000005293969100,peripheral,0.100000,0,0.033008,Обрыв на четвёртом колене: дальнейшие исходящие не наблюдаются; конечный получатель не подтверждён.
100000005308954100,peripheral,0.300000,3,0.349519,Наблюдаемые признаки не достигли порогов других ролей; требуется ручная проверка.
100000005314565100,terminal,1.000000,0,0.305111,Видны входящие от 1 плательщиков; исходящие — 0% наблюдаемого входящего. Возможный конечный получатель.
100000005316708100,peripheral,0.300000,2,0.206439,Наблюдаемые признаки не достигли порогов других ролей; требуется ручная проверка.
100000005317181100,peripheral,0.300000,5,0.498429,Наблюдаемые признаки не достигли порогов других ролей; требуется ручная проверка.
100000005326681100,terminal,1.000000,3,0.325583,Видны входящие от 1 плательщиков; исходящие — 0% наблюдаемого входящего. Возможный конечный получатель.
100000005328215100,terminal,1.000000,38,0.168795,Видны входящие от 1 плательщиков; исходящие — 0% наблюдаемого входящего. Возможный конечный получатель.
100000005339662100,peripheral,0.300000,3,0.783253,Наблюдаемые признаки не достигли порогов других ролей; требуется ручная проверка.
100000005342513100,peripheral,0.300000,27,0.263849,Наблюдаемые признаки не достигли порогов других ролей; требуется ручная проверка.
100000005357034100,terminal,1.000000,4,0.196343,Видны входящие от 1 плательщиков; исходящие — 0% наблюдаемого входящего. Возможный конечный получатель.
100000005357705100,peripheral,0.300000,5,0.360956,Наблюдаемые признаки не достигли порогов других ролей; требуется ручная проверка.
100000005360814100,peripheral,0.100000,29,0.236212,Обрыв на четвёртом колене: дальнейшие исходящие не наблюдаются; конечный получатель не подтверждён.
100000005362848100,terminal,1.000000,38,0.172400,Видны входящие от 1 плательщиков; исходящие — 0% наблюдаемого входящего. Возможный конечный получатель.
100000005363908100,transit,1.000000,69,0.146886,"Получает от 1, переводит 1 получателям; масштаб наблюдаемых исходящих — 100% входящих. Признаки транзита."
100000005367180100,peripheral,0.100000,5,0.041152,Обрыв на четвёртом колене: дальнейшие исходящие не наблюдаются; конечный получатель не подтверждён.
100000005367284100,peripheral,0.300000,5,0.347383,Наблюдаемые признаки не достигли порогов других ролей; требуется ручная проверка.
100000005367445100,transit,1.000000,7,0.078795,"Получает от 1, переводит 1 получателям; масштаб наблюдаемых исходящих — 100% входящих. Признаки транзита."
100000005370558100,peripheral,0.100000,0,0.023795,Обрыв на четвёртом колене: дальнейшие исходящие не наблюдаются; конечный получатель не подтверждён.
100000005370580100,peripheral,0.300000,22,0.216497,"Исходный клиент; входящие до начала обхода неизвестны, поэтому отношение потоков не применялось."
100000005375968100,peripheral,0.300000,4,0.526154,Наблюдаемые признаки не достигли порогов других ролей; требуется ручная проверка.
100000005382566100,peripheral,0.300000,43,0.856951,"Исходный клиент; входящие до начала обхода неизвестны, поэтому отношение потоков не применялось."
100000005386383100,peripheral,0.300000,43,0.657530,"Исходный клиент; входящие до начала обхода неизвестны, поэтому отношение потоков не применялось."
100000005392290100,peripheral,0.300000,61,0.010000,"Исходный клиент; входящие до начала обхода неизвестны, поэтому отношение потоков не применялось."
100000005394708100,peripheral,0.300000,43,0.119523,Наблюдаемые признаки не достигли порогов других ролей; требуется ручная проверка.
100000005395727100,peripheral,0.300000,43,0.226244,"Исходный клиент; входящие до начала обхода неизвестны, поэтому отношение потоков не применялось."
100000005402643100,peripheral,0.300000,16,0.229269,Наблюдаемые признаки не достигли порогов других ролей; требуется ручная проверка.
100000005409156100,terminal,1.000000,9,0.615481,Видны входящие от 2 плательщиков; исходящие — 0% наблюдаемого входящего. Возможный конечный получатель.
100000005409680100,peripheral,0.300000,43,0.511024,"Исходный клиент; входящие до начала обхода неизвестны, поэтому отношение потоков не применялось."
100000005413948100,peripheral,0.300000,7,0.441821,Наблюдаемые признаки не достигли порогов других ролей; требуется ручная проверка.
100000005417257100,peripheral,0.300000,43,0.010000,"Исходный клиент; входящие до начала обхода неизвестны, поэтому отношение потоков не применялось."
100000005432267100,terminal,1.000000,1,0.658160,Видны входящие от 2 плательщиков; исходящие — 0% наблюдаемого входящего. Возможный конечный получатель.
100000005454368100,peripheral,0.300000,22,0.425621,"Исходный клиент; входящие до начала обхода неизвестны, поэтому отношение потоков не применялось."
100000005456919100,terminal,0.895822,8,0.495676,Видны входящие от 2 плательщиков; исходящие — 1% наблюдаемого входящего. Возможный конечный получатель.
100000005473151100,consolidator,0.778893,38,0.873326,3 плательщиков; наблюдаемый исходящий поток — 18% входящего. Признаки консолидации.
100000005474472100,terminal,1.000000,18,0.258649,Видны входящие от 1 плательщиков; исходящие — 0% наблюдаемого входящего. Возможный конечный получатель.
100000005475379100,peripheral,0.300000,0,0.403769,Наблюдаемые признаки не достигли порогов других ролей; требуется ручная проверка.
100000005480435100,peripheral,0.100000,70,0.000000,Связи в предоставленной выгрузке отсутствуют; роль не определяется по наблюдаемому графу.
100000005481280100,peripheral,0.300000,43,0.464428,Наблюдаемые признаки не достигли порогов других ролей; требуется ручная проверка.
100000005485830100,peripheral,0.300000,52,0.010000,"Исходный клиент; входящие до начала обхода неизвестны, поэтому отношение потоков не применялось."
100000005493505100,peripheral,0.300000,22,0.556417,"Исходный клиент; входящие до начала обхода неизвестны, поэтому отношение потоков не применялось."
100000005495211100,peripheral,0.100000,5,0.174040,Обрыв на четвёртом колене: дальнейшие исходящие не наблюдаются; конечный получатель не подтверждён.
100000005495722100,peripheral,0.100000,71,0.000000,Связи в предоставленной выгрузке отсутствуют; роль не определяется по наблюдаемому графу.
100000005496254100,terminal,1.000000,0,0.109383,Видны входящие от 1 плательщиков; исходящие — 0% наблюдаемого входящего. Возможный конечный получатель.
100000005497148100,peripheral,0.100000,9,0.255216,Обрыв на четвёртом колене: дальнейшие исходящие не наблюдаются; конечный получатель не подтверждён.
100000005498992100,distributor,0.766667,2,0.085000,Переводит средства 16 различным получателям; признаки веерного распределения.
100000005505655100,peripheral,0.300000,12,0.593088,Наблюдаемые признаки не достигли порогов других ролей; требуется ручная проверка.
100000005507142100,peripheral,0.300000,23,0.526733,Наблюдаемые признаки не достигли порогов других ролей; требуется ручная проверка.
100000005514161100,consolidator,0.818867,2,0.929446,4 плательщиков; наблюдаемый исходящий поток — 12% входящего. Признаки консолидации.
100000005519347100,peripheral,0.300000,3,0.681028,"Исходный клиент; входящие до начала обхода неизвестны, поэтому отношение потоков не применялось."
100000005519998100,transit,0.917582,14,0.664955,"Получает от 3, переводит 3 получателям; масштаб наблюдаемых исходящих — 103% входящих. Признаки транзита."
100000005523088100,peripheral,0.300000,43,0.497628,"Исходный клиент; входящие до начала обхода неизвестны, поэтому отношение потоков не применялось."
100000005527892100,distributor,0.633333,34,0.884688,Переводит средства 8 различным получателям; признаки веерного распределения.
100000005530114100,peripheral,0.300000,25,0.544535,Наблюдаемые признаки не достигли порогов других ролей; требуется ручная проверка.
100000005532138100,terminal,1.000000,2,0.162921,Видны входящие от 1 плательщиков; исходящие — 0% наблюдаемого входящего. Возможный конечный получатель.
100000005539201100,peripheral,0.300000,3,0.443733,Наблюдаемые признаки не достигли порогов других ролей; требуется ручная проверка.
100000005539910100,peripheral,0.300000,1,0.569101,Наблюдаемые признаки не достигли порогов других ролей; требуется ручная проверка.
100000005543136100,peripheral,0.300000,22,0.010000,"Исходный клиент; входящие до начала обхода неизвестны, поэтому отношение потоков не применялось."
100000005546031100,consolidator,0.795060,69,0.453299,3 плательщиков; наблюдаемый исходящий поток — 12% входящего. Признаки консолидации.
100000005547096100,peripheral,0.300000,63,0.041820,Наблюдаемые признаки не достигли порогов других ролей; требуется ручная проверка.
100000005550592100,peripheral,0.100000,72,0.000000,Связи в предоставленной выгрузке отсутствуют; роль не определяется по наблюдаемому графу.
100000005553088100,peripheral,0.100000,29,0.084543,Обрыв на четвёртом колене: дальнейшие исходящие не наблюдаются; конечный получатель не подтверждён.
100000005560900100,peripheral,0.100000,73,0.000000,Связи в предоставленной выгрузке отсутствуют; роль не определяется по наблюдаемому графу.
100000005561741100,terminal,1.000000,38,0.262699,Видны входящие от 1 плательщиков; исходящие — 0% наблюдаемого входящего. Возможный конечный получатель.
100000005567828100,peripheral,0.100000,38,0.314094,Обрыв на четвёртом колене: дальнейшие исходящие не наблюдаются; конечный получатель не подтверждён.
100000005568407100,peripheral,0.100000,74,0.000000,Связи в предоставленной выгрузке отсутствуют; роль не определяется по наблюдаемому графу.
100000005572303100,peripheral,0.300000,3,0.516542,Наблюдаемые признаки не достигли порогов других ролей; требуется ручная проверка.
100000005578559100,distributor,0.850000,38,0.761280,Переводит средства 21 различным получателям; признаки веерного распределения.
100000005584222100,peripheral,0.300000,0,0.585033,Наблюдаемые признаки не достигли порогов других ролей; требуется ручная проверка.
100000005588444100,terminal,1.000000,2,0.108048,Видны входящие от 1 плательщиков; исходящие — 0% наблюдаемого входящего. Возможный конечный получатель.
100000005589319100,peripheral,0.100000,0,0.119523,Обрыв на четвёртом колене: дальнейшие исходящие не наблюдаются; конечный получатель не подтверждён.
100000005602999100,peripheral,0.300000,10,0.377956,Наблюдаемые признаки не достигли порогов других ролей; требуется ручная проверка.
100000005608515100,terminal,1.000000,2,0.231679,Видны входящие от 1 плательщиков; исходящие — 0% наблюдаемого входящего. Возможный конечный получатель.
100000005610717100,peripheral,0.300000,5,0.786591,Наблюдаемые признаки не достигли порогов других ролей; требуется ручная проверка.
100000005612411100,distributor,0.633333,23,0.814550,Переводит средства 8 различным получателям; признаки веерного распределения.
100000005614315100,terminal,1.000000,3,0.337287,Видны входящие от 1 плательщиков; исходящие — 0% наблюдаемого входящего. Возможный конечный получатель.
100000005616568100,peripheral,0.100000,9,0.443467,Обрыв на четвёртом колене: дальнейшие исходящие не наблюдаются; конечный получатель не подтверждён.
100000005619339100,transit,0.778700,3,0.182845,"Получает от 1, переводит 1 получателям; масштаб наблюдаемых исходящих — 109% входящих. Признаки транзита."
100000005620225100,terminal,1.000000,0,0.368574,Видны входящие от 2 плательщиков; исходящие — 0% наблюдаемого входящего. Возможный конечный получатель.
100000005621418100,peripheral,0.100000,13,0.129002,Обрыв на четвёртом колене: дальнейшие исходящие не наблюдаются; конечный получатель не подтверждён.
100000005628518100,terminal,1.000000,43,0.243695,Видны входящие от 1 плательщиков; исходящие — 0% наблюдаемого входящего. Возможный конечный получатель.
100000005634552100,peripheral,0.300000,0,0.398117,Наблюдаемые признаки не достигли порогов других ролей; требуется ручная проверка.
100000005636951100,peripheral,0.100000,2,0.149697,Обрыв на четвёртом колене: дальнейшие исходящие не наблюдаются; конечный получатель не подтверждён.
100000005660203100,peripheral,0.300000,3,0.618323,Наблюдаемые признаки не достигли порогов других ролей; требуется ручная проверка.
100000005661528100,terminal,1.000000,29,0.158649,Видны входящие от 1 плательщиков; исходящие — 0% наблюдаемого входящего. Возможный конечный получатель.
100000005661829100,transit,0.829849,5,0.357122,"Получает от 1, переводит 2 получателям; масштаб наблюдаемых исходящих — 107% входящих. Признаки транзита."
100000005664632100,terminal,1.000000,1,0.473469,Видны входящие от 1 плательщиков; исходящие — 0% наблюдаемого входящего. Возможный конечный получатель.
100000005664922100,peripheral,0.300000,18,0.260289,Наблюдаемые признаки не достигли порогов других ролей; требуется ручная проверка.
100000005665181100,distributor,0.683333,0,0.761725,Переводит средства 11 различным получателям; признаки веерного распределения.
100000005667841100,terminal,1.000000,34,0.555935,Видны входящие от 2 плательщиков; исходящие — 0% наблюдаемого входящего. Возможный конечный получатель.
100000005668605100,peripheral,0.300000,43,0.582318,"Исходный клиент; входящие до начала обхода неизвестны, поэтому отношение потоков не применялось."
100000005669845100,terminal,1.000000,31,0.137420,Видны входящие от 1 плательщиков; исходящие — 0% наблюдаемого входящего. Возможный конечный получатель.
100000005674387100,terminal,1.000000,30,0.166526,Видны входящие от 1 плательщиков; исходящие — 0% наблюдаемого входящего. Возможный конечный получатель.
100000005685783100,peripheral,0.100000,75,0.120725,Обрыв на четвёртом колене: дальнейшие исходящие не наблюдаются; конечный получатель не подтверждён.
100000005704413100,distributor,1.000000,38,0.770224,Переводит средства 32 различным получателям; признаки веерного распределения.
100000005709551100,terminal,1.000000,0,0.302619,Видны входящие от 1 плательщиков; исходящие — 0% наблюдаемого входящего. Возможный конечный получатель.
100000005711521100,peripheral,0.100000,0,0.368833,Обрыв на четвёртом колене: дальнейшие исходящие не наблюдаются; конечный получатель не подтверждён.
100000005723580100,peripheral,0.100000,34,0.141686,Обрыв на четвёртом колене: дальнейшие исходящие не наблюдаются; конечный получатель не подтверждён.
100000005730108100,terminal,1.000000,4,0.190870,Видны входящие от 1 плательщиков; исходящие — 0% наблюдаемого входящего. Возможный конечный получатель.
100000005744674100,peripheral,0.300000,43,0.010000,"Исходный клиент; входящие до начала обхода неизвестны, поэтому отношение потоков не применялось."
100000005745873100,peripheral,0.100000,4,0.365362,Обрыв на четвёртом колене: дальнейшие исходящие не наблюдаются; конечный получатель не подтверждён.
100000005754335100,terminal,1.000000,9,0.200838,Видны входящие от 1 плательщиков; исходящие — 0% наблюдаемого входящего. Возможный конечный получатель.
100000005756189100,peripheral,0.300000,9,0.491353,Наблюдаемые признаки не достигли порогов других ролей; требуется ручная проверка.
100000005756535100,terminal,1.000000,27,0.137420,Видны входящие от 1 плательщиков; исходящие — 0% наблюдаемого входящего. Возможный конечный получатель.
100000005767403100,peripheral,0.100000,14,0.311512,Обрыв на четвёртом колене: дальнейшие исходящие не наблюдаются; конечный получатель не подтверждён.
100000005778283100,consolidator,0.825000,2,0.741150,3 плательщиков; наблюдаемый исходящий поток — 0% входящего. Признаки консолидации.
100000005782781100,distributor,0.666667,2,0.852957,Переводит средства 10 различным получателям; признаки веерного распределения.
100000005782886100,peripheral,0.100000,34,0.171904,Обрыв на четвёртом колене: дальнейшие исходящие не наблюдаются; конечный получатель не подтверждён.
100000005783452100,peripheral,0.100000,34,0.534833,Обрыв на четвёртом колене: дальнейшие исходящие не наблюдаются; конечный получатель не подтверждён.
100000005799271100,terminal,1.000000,10,0.376539,Видны входящие от 1 плательщиков; исходящие — 0% наблюдаемого входящего. Возможный конечный получатель.
100000005807278100,terminal,1.000000,52,0.088422,Видны входящие от 1 плательщиков; исходящие — 0% наблюдаемого входящего. Возможный конечный получатель.
100000005809252100,terminal,1.000000,5,0.303287,Видны входящие от 1 плательщиков; исходящие — 0% наблюдаемого входящего. Возможный конечный получатель.
100000005815602100,peripheral,0.300000,3,0.355438,Наблюдаемые признаки не достигли порогов других ролей; требуется ручная проверка.
100000005820746100,terminal,0.698341,18,0.360785,Видны входящие от 1 плательщиков; исходящие — 3% наблюдаемого входящего. Возможный конечный получатель.
100000005830339100,peripheral,0.300000,5,0.746938,Наблюдаемые признаки не достигли порогов других ролей; требуется ручная проверка.
100000005834479100,peripheral,0.300000,0,0.301944,Наблюдаемые признаки не достигли порогов других ролей; требуется ручная проверка.
100000005844459100,terminal,1.000000,0,0.571823,Видны входящие от 2 плательщиков; исходящие — 0% наблюдаемого входящего. Возможный конечный получатель.
100000005847078100,terminal,1.000000,30,0.124870,Видны входящие от 1 плательщиков; исходящие — 0% наблюдаемого входящего. Возможный конечный получатель.
100000005849100100,terminal,1.000000,1,0.358248,Видны входящие от 1 плательщиков; исходящие — 0% наблюдаемого входящего. Возможный конечный получатель.
100000005849862100,peripheral,0.100000,2,0.064917,Обрыв на четвёртом колене: дальнейшие исходящие не наблюдаются; конечный получатель не подтверждён.
100000005852946100,terminal,1.000000,1,0.329543,Видны входящие от 1 плательщиков; исходящие — 0% наблюдаемого входящего. Возможный конечный получатель.
100000005857058100,consolidator,0.825000,3,0.608618,3 плательщиков; наблюдаемый исходящий поток — 0% входящего. Признаки консолидации.
100000005873152100,transit,1.000000,10,0.277194,"Получает от 1, переводит 1 получателям; масштаб наблюдаемых исходящих — 100% входящих. Признаки транзита."
100000005877725100,terminal,1.000000,32,0.236219,Видны входящие от 1 плательщиков; исходящие — 0% наблюдаемого входящего. Возможный конечный получатель.
100000005878334100,peripheral,0.100000,29,0.302211,Обрыв на четвёртом колене: дальнейшие исходящие не наблюдаются; конечный получатель не подтверждён.
100000005882013100,peripheral,0.300000,11,0.576133,Наблюдаемые признаки не достигли порогов других ролей; требуется ручная проверка.
100000005888829100,peripheral,0.100000,34,0.357485,Обрыв на четвёртом колене: дальнейшие исходящие не наблюдаются; конечный получатель не подтверждён.
100000005893892100,terminal,1.000000,9,0.408761,Видны входящие от 1 плательщиков; исходящие — 0% наблюдаемого входящего. Возможный конечный получатель.
100000005895525100,terminal,1.000000,52,0.271866,Видны входящие от 1 плательщиков; исходящие — 0% наблюдаемого входящего. Возможный конечный получатель.
100000005897462100,terminal,1.000000,10,0.446188,Видны входящие от 1 плательщиков; исходящие — 0% наблюдаемого входящего. Возможный конечный получатель.
100000005901606100,terminal,1.000000,32,0.188822,Видны входящие от 1 плательщиков; исходящие — 0% наблюдаемого входящего. Возможный конечный получатель.
100000005904580100,terminal,1.000000,7,0.396210,Видны входящие от 2 плательщиков; исходящие — 0% наблюдаемого входящего. Возможный конечный получатель.
100000005910114100,coordinator,0.849110,0,0.921005,Достижим от 4 исходных клиентов; связывает части наблюдаемого графа (центральность 0.0053). Кандидат для проверки.
100000005910895100,peripheral,0.100000,10,0.031406,Обрыв на четвёртом колене: дальнейшие исходящие не наблюдаются; конечный получатель не подтверждён.
100000005911352100,peripheral,0.300000,17,0.416675,Наблюдаемые признаки не достигли порогов других ролей; требуется ручная проверка.
100000005931985100,terminal,1.000000,21,0.242627,Видны входящие от 1 плательщиков; исходящие — 0% наблюдаемого входящего. Возможный конечный получатель.
100000005932987100,terminal,1.000000,14,0.158649,Видны входящие от 1 плательщиков; исходящие — 0% наблюдаемого входящего. Возможный конечный получатель.
100000005933757100,distributor,1.000000,16,0.878636,Переводит средства 34 различным получателям; признаки веерного распределения.
100000005939154100,terminal,1.000000,3,0.293273,Видны входящие от 1 плательщиков; исходящие — 0% наблюдаемого входящего. Возможный конечный получатель.
100000005940652100,terminal,1.000000,5,0.262921,Видны входящие от 1 плательщиков; исходящие — 0% наблюдаемого входящего. Возможный конечный получатель.
100000005941908100,terminal,1.000000,16,0.196878,Видны входящие от 1 плательщиков; исходящие — 0% наблюдаемого входящего. Возможный конечный получатель.
100000005942793100,consolidator,0.850000,0,0.596869,4 плательщиков; наблюдаемый исходящий поток — 0% входящего. Признаки консолидации.
100000005958064100,peripheral,0.300000,16,0.313426,Наблюдаемые признаки не достигли порогов других ролей; требуется ручная проверка.
100000005961971100,terminal,1.000000,32,0.208315,Видны входящие от 1 плательщиков; исходящие — 0% наблюдаемого входящего. Возможный конечный получатель.
100000005974542100,terminal,1.000000,26,0.359494,Видны входящие от 1 плательщиков; исходящие — 0% наблюдаемого входящего. Возможный конечный получатель.
100000005979037100,peripheral,0.100000,5,0.184543,Обрыв на четвёртом колене: дальнейшие исходящие не наблюдаются; конечный получатель не подтверждён.
100000005995391100,terminal,1.000000,30,0.128208,Видны входящие от 1 плательщиков; исходящие — 0% наблюдаемого входящего. Возможный конечный получатель.
100000005996909100,terminal,1.000000,3,0.182191,Видны входящие от 1 плательщиков; исходящие — 0% наблюдаемого входящего. Возможный конечный получатель.
100000006008169100,terminal,1.000000,7,0.236219,Видны входящие от 1 плательщиков; исходящие — 0% наблюдаемого входящего. Возможный конечный получатель.
100000006020215100,transit,0.683333,0,0.513776,"Получает от 1, переводит 2 получателям; масштаб наблюдаемых исходящих — 113% входящих. Признаки транзита."
100000006030946100,terminal,1.000000,32,0.240224,Видны входящие от 1 плательщиков; исходящие — 0% наблюдаемого входящего. Возможный конечный получатель.
100000006048193100,terminal,1.000000,5,0.302752,Видны входящие от 1 плательщиков; исходящие — 0% наблюдаемого входящего. Возможный конечный получатель.
100000006069103100,transit,0.550057,3,0.783869,"Получает от 3, переводит 3 получателям; масштаб наблюдаемых исходящих — 118% входящих. Признаки транзита."
100000006100920100,terminal,1.000000,0,0.258649,Видны входящие от 1 плательщиков; исходящие — 0% наблюдаемого входящего. Возможный конечный получатель.
100000006111439100,transit,0.583131,0,0.597086,"Получает от 3, переводит 4 получателям; масштаб наблюдаемых исходящих — 117% входящих. Признаки транзита."
100000006111442100,terminal,1.000000,34,0.231679,Видны входящие от 1 плательщиков; исходящие — 0% наблюдаемого входящего. Возможный конечный получатель.
100000006122699100,terminal,1.000000,22,0.465281,Видны входящие от 2 плательщиков; исходящие — 0% наблюдаемого входящего. Возможный конечный получатель.
100000006126743100,terminal,1.000000,9,0.368440,Видны входящие от 1 плательщиков; исходящие — 0% наблюдаемого входящего. Возможный конечный получатель.
100000006161893100,terminal,1.000000,3,0.112854,Видны входящие от 1 плательщиков; исходящие — 0% наблюдаемого входящего. Возможный конечный получатель.
100000006165886100,peripheral,0.300000,5,0.510534,Наблюдаемые признаки не достигли порогов других ролей; требуется ручная проверка.
100000006169033100,peripheral,0.300000,9,0.341330,Наблюдаемые признаки не достигли порогов других ролей; требуется ручная проверка.
100000006171671100,peripheral,0.100000,4,0.151878,Обрыв на четвёртом колене: дальнейшие исходящие не наблюдаются; конечный получатель не подтверждён.
100000006177176100,terminal,1.000000,3,0.193807,Видны входящие от 1 плательщиков; исходящие — 0% наблюдаемого входящего. Возможный конечный получатель.
100000006209210100,terminal,1.000000,2,0.307113,Видны входящие от 1 плательщиков; исходящие — 0% наблюдаемого входящего. Возможный конечный получатель.
100000006225798100,consolidator,0.815893,25,0.889570,3 плательщиков; наблюдаемый исходящий поток — 4% входящего. Признаки консолидации.
100000006232642100,peripheral,0.100000,9,0.292554,Обрыв на четвёртом колене: дальнейшие исходящие не наблюдаются; конечный получатель не подтверждён.
100000006232815100,peripheral,0.300000,31,0.237236,"Исходный клиент; входящие до начала обхода неизвестны, поэтому отношение потоков не применялось."
100000006240939100,peripheral,0.300000,34,0.241686,Наблюдаемые признаки не достигли порогов других ролей; требуется ручная проверка.
100000006248077100,terminal,1.000000,28,0.386553,Видны входящие от 1 плательщиков; исходящие — 0% наблюдаемого входящего. Возможный конечный получатель.
100000006249740100,peripheral,0.300000,76,0.010000,"Исходный клиент; входящие до начала обхода неизвестны, поэтому отношение потоков не применялось."
100000006257675100,peripheral,0.100000,28,0.191219,Обрыв на четвёртом колене: дальнейшие исходящие не наблюдаются; конечный получатель не подтверждён.
100000006274203100,terminal,0.789320,43,0.868974,Видны входящие от 2 плательщиков; исходящие — 2% наблюдаемого входящего. Возможный конечный получатель.
100000006288612100,peripheral,0.100000,7,0.134743,Обрыв на четвёртом колене: дальнейшие исходящие не наблюдаются; конечный получатель не подтверждён.
100000006308406100,peripheral,0.100000,28,0.249563,Обрыв на четвёртом колене: дальнейшие исходящие не наблюдаются; конечный получатель не подтверждён.
100000006326645100,terminal,1.000000,32,0.163188,Видны входящие от 1 плательщиков; исходящие — 0% наблюдаемого входящего. Возможный конечный получатель.
100000006351075100,peripheral,0.100000,4,0.253747,Обрыв на четвёртом колене: дальнейшие исходящие не наблюдаются; конечный получатель не подтверждён.
100000006369769100,terminal,1.000000,32,0.194697,Видны входящие от 1 плательщиков; исходящие — 0% наблюдаемого входящего. Возможный конечный получатель.
100000006381453100,peripheral,0.100000,34,0.157173,Обрыв на четвёртом колене: дальнейшие исходящие не наблюдаются; конечный получатель не подтверждён.
100000006385877100,peripheral,0.300000,2,0.177601,Наблюдаемые признаки не достигли порогов других ролей; требуется ручная проверка.
100000006412162100,peripheral,0.100000,45,0.071058,Обрыв на четвёртом колене: дальнейшие исходящие не наблюдаются; конечный получатель не подтверждён.
100000006416061100,peripheral,0.100000,1,0.129002,Обрыв на четвёртом колене: дальнейшие исходящие не наблюдаются; конечный получатель не подтверждён.
100000006424479100,peripheral,0.300000,11,0.666208,Наблюдаемые признаки не достигли порогов других ролей; требуется ручная проверка.
100000006443391100,peripheral,0.300000,2,0.383386,Наблюдаемые признаки не достигли порогов других ролей; требуется ручная проверка.
100000006444163100,terminal,1.000000,0,0.081346,Видны входящие от 1 плательщиков; исходящие — 0% наблюдаемого входящего. Возможный конечный получатель.
100000006445501100,terminal,1.000000,10,0.440981,Видны входящие от 1 плательщиков; исходящие — 0% наблюдаемого входящего. Возможный конечный получатель.
100000006446271100,terminal,1.000000,1,0.575783,Видны входящие от 2 плательщиков; исходящие — 0% наблюдаемого входящего. Возможный конечный получатель.
100000006471232100,terminal,1.000000,30,0.198969,Видны входящие от 1 плательщиков; исходящие — 0% наблюдаемого входящего. Возможный конечный получатель.
100000006476758100,terminal,1.000000,10,0.180723,Видны входящие от 1 плательщиков; исходящие — 0% наблюдаемого входящего. Возможный конечный получатель.
100000006490557100,terminal,1.000000,2,0.068795,Видны входящие от 1 плательщиков; исходящие — 0% наблюдаемого входящего. Возможный конечный получатель.
100000006490615100,peripheral,0.100000,0,0.257886,Обрыв на четвёртом колене: дальнейшие исходящие не наблюдаются; конечный получатель не подтверждён.
100000006491272100,terminal,1.000000,30,0.166526,Видны входящие от 1 плательщиков; исходящие — 0% наблюдаемого входящего. Возможный конечный получатель.
100000006491963100,peripheral,0.100000,45,0.078669,Обрыв на четвёртом колене: дальнейшие исходящие не наблюдаются; конечный получатель не подтверждён.
100000006492770100,peripheral,0.300000,4,0.533943,Наблюдаемые признаки не достигли порогов других ролей; требуется ручная проверка.
100000006512787100,peripheral,0.100000,4,0.196470,Обрыв на четвёртом колене: дальнейшие исходящие не наблюдаются; конечный получатель не подтверждён.
100000006518161100,transit,0.992852,3,0.864867,"Получает от 3, переводит 2 получателям; масштаб наблюдаемых исходящих — 100% входящих. Признаки транзита."
100000006522972100,terminal,1.000000,0,0.092026,Видны входящие от 1 плательщиков; исходящие — 0% наблюдаемого входящего. Возможный конечный получатель.
100000006523053100,terminal,1.000000,1,0.256601,Видны входящие от 1 плательщиков; исходящие — 0% наблюдаемого входящего. Возможный конечный получатель.
100000006527156100,peripheral,0.100000,0,0.164516,Обрыв на четвёртом колене: дальнейшие исходящие не наблюдаются; конечный получатель не подтверждён.
100000006530134100,terminal,1.000000,9,0.582905,Видны входящие от 2 плательщиков; исходящие — 0% наблюдаемого входящего. Возможный конечный получатель.
100000006532229100,terminal,1.000000,34,0.409562,Видны входящие от 1 плательщиков; исходящие — 0% наблюдаемого входящего. Возможный конечный получатель.
100000006534886100,peripheral,0.300000,3,0.194289,Наблюдаемые признаки не достигли порогов других ролей; требуется ручная проверка.
100000006557763100,terminal,1.000000,1,0.267194,Видны входящие от 1 плательщиков; исходящие — 0% наблюдаемого входящего. Возможный конечный получатель.
100000006562026100,terminal,1.000000,77,0.501729,Видны входящие от 2 плательщиков; исходящие — 0% наблюдаемого входящего. Возможный конечный получатель.
100000006564102100,terminal,1.000000,0,0.452953,Видны входящие от 1 плательщиков; исходящие — 0% наблюдаемого входящего. Возможный конечный получатель.
100000006567935100,terminal,1.000000,21,0.444408,Видны входящие от 1 плательщиков; исходящие — 0% наблюдаемого входящего. Возможный конечный получатель.
100000006573438100,terminal,1.000000,9,0.068795,Видны входящие от 1 плательщиков; исходящие — 0% наблюдаемого входящего. Возможный конечный получатель.
100000006579678100,peripheral,0.300000,3,0.703947,Наблюдаемые признаки не достигли порогов других ролей; требуется ручная проверка.
100000006595426100,terminal,1.000000,0,0.248101,Видны входящие от 1 плательщиков; исходящие — 0% наблюдаемого входящего. Возможный конечный получатель.
100000006612238100,peripheral,0.300000,27,0.241686,Наблюдаемые признаки не достигли порогов других ролей; требуется ручная проверка.
100000006638021100,peripheral,0.100000,34,0.546716,Обрыв на четвёртом колене: дальнейшие исходящие не наблюдаются; конечный получатель не подтверждён.
100000006641671100,transit,0.659091,0,0.470963,"Получает от 2, переводит 1 получателям; масштаб наблюдаемых исходящих — 114% входящих. Признаки транзита."
100000006656003100,peripheral,0.300000,32,0.092420,Наблюдаемые признаки не достигли порогов других ролей; требуется ручная проверка.
100000006658598100,terminal,1.000000,3,0.193940,Видны входящие от 1 плательщиков; исходящие — 0% наблюдаемого входящего. Возможный конечный получатель.
100000006664478100,transit,0.772727,2,0.233802,"Получает от 1, переводит 2 получателям; масштаб наблюдаемых исходящих — 109% входящих. Признаки транзита."
100000006679055100,terminal,1.000000,0,0.303287,Видны входящие от 1 плательщиков; исходящие — 0% наблюдаемого входящего. Возможный конечный получатель.
100000006684930100,terminal,1.000000,11,0.280634,Видны входящие от 1 плательщиков; исходящие — 0% наблюдаемого входящего. Возможный конечный получатель.
100000006687202100,terminal,1.000000,0,0.212187,Видны входящие от 1 плательщиков; исходящие — 0% наблюдаемого входящего. Возможный конечный получатель.
100000006689603100,peripheral,0.100000,1,0.287347,Обрыв на четвёртом колене: дальнейшие исходящие не наблюдаются; конечный получатель не подтверждён.
100000006693788100,peripheral,0.100000,5,0.058375,Обрыв на четвёртом колене: дальнейшие исходящие не наблюдаются; конечный получатель не подтверждён.
100000006701983100,terminal,1.000000,30,0.168795,Видны входящие от 1 плательщиков; исходящие — 0% наблюдаемого входящего. Возможный конечный получатель.
100000006704530100,transit,0.875139,13,0.529263,"Получает от 1, переводит 3 получателям; масштаб наблюдаемых исходящих — 95% входящих. Признаки транзита."
100000006706519100,peripheral,0.100000,4,0.248406,Обрыв на четвёртом колене: дальнейшие исходящие не наблюдаются; конечный получатель не подтверждён.
100000006707582100,distributor,0.733333,38,0.580550,Переводит средства 14 различным получателям; признаки веерного распределения.
100000006710485100,terminal,1.000000,30,0.137420,Видны входящие от 1 плательщиков; исходящие — 0% наблюдаемого входящего. Возможный конечный получатель.
100000006714366100,peripheral,0.300000,0,0.375198,Наблюдаемые признаки не достигли порогов других ролей; требуется ручная проверка.
100000006734214100,consolidator,0.860246,44,0.906795,5 плательщиков; наблюдаемый исходящий поток — 6% входящего. Признаки консолидации.
100000006734554100,peripheral,0.300000,59,0.080404,Наблюдаемые признаки не достигли порогов других ролей; требуется ручная проверка.
100000006735545100,peripheral,0.100000,0,0.168433,Обрыв на четвёртом колене: дальнейшие исходящие не наблюдаются; конечный получатель не подтверждён.
100000006745291100,terminal,1.000000,10,0.434839,Видны входящие от 1 плательщиков; исходящие — 0% наблюдаемого входящего. Возможный конечный получатель.
100000006746688100,terminal,1.000000,30,0.197767,Видны входящие от 1 плательщиков; исходящие — 0% наблюдаемого входящего. Возможный конечный получатель.
100000006755850100,terminal,1.000000,10,0.531057,Видны входящие от 1 плательщиков; исходящие — 0% наблюдаемого входящего. Возможный конечный получатель.
100000006756956100,peripheral,0.100000,0,0.372172,Обрыв на четвёртом колене: дальнейшие исходящие не наблюдаются; конечный получатель не подтверждён.
100000006787636100,terminal,1.000000,3,0.137420,Видны входящие от 1 плательщиков; исходящие — 0% наблюдаемого входящего. Возможный конечный получатель.
100000006788200100,consolidator,0.790751,2,0.877199,4 плательщиков; наблюдаемый исходящий поток — 24% входящего. Признаки консолидации.
100000006789108100,terminal,1.000000,10,0.379165,Видны входящие от 1 плательщиков; исходящие — 0% наблюдаемого входящего. Возможный конечный получатель.
100000006831291100,peripheral,0.300000,77,0.010000,"Исходный клиент; входящие до начала обхода неизвестны, поэтому отношение потоков не применялось."
100000006844004100,terminal,1.000000,0,0.145832,Видны входящие от 1 плательщиков; исходящие — 0% наблюдаемого входящего. Возможный конечный получатель.
100000006844768100,peripheral,0.300000,5,0.593578,Наблюдаемые признаки не достигли порогов других ролей; требуется ручная проверка.
100000006852430100,terminal,1.000000,10,0.384417,Видны входящие от 1 плательщиков; исходящие — 0% наблюдаемого входящего. Возможный конечный получатель.
100000006866783100,coordinator,0.824221,0,0.938363,Достижим от 3 исходных клиентов; связывает части наблюдаемого графа (центральность 0.0055). Кандидат для проверки.
100000006866831100,peripheral,0.100000,1,0.080404,Обрыв на четвёртом колене: дальнейшие исходящие не наблюдаются; конечный получатель не подтверждён.
100000006882208100,terminal,1.000000,3,0.236130,Видны входящие от 1 плательщиков; исходящие — 0% наблюдаемого входящего. Возможный конечный получатель.
100000006888238100,peripheral,0.300000,49,0.242754,Наблюдаемые признаки не достигли порогов других ролей; требуется ручная проверка.
100000006889963100,consolidator,0.772523,10,0.941551,4 плательщиков; наблюдаемый исходящий поток — 31% входящего. Признаки консолидации.
100000006894637100,terminal,1.000000,5,0.220731,Видны входящие от 1 плательщиков; исходящие — 0% наблюдаемого входящего. Возможный конечный получатель.
100000006901046100,peripheral,0.300000,3,0.197494,Наблюдаемые признаки не достигли порогов других ролей; требуется ручная проверка.
100000006903193100,peripheral,0.100000,5,0.148940,Обрыв на четвёртом колене: дальнейшие исходящие не наблюдаются; конечный получатель не подтверждён.
100000006912294100,peripheral,0.300000,2,0.037147,Наблюдаемые признаки не достигли порогов других ролей; требуется ручная проверка.
100000006918814100,peripheral,0.100000,0,0.092420,Обрыв на четвёртом колене: дальнейшие исходящие не наблюдаются; конечный получатель не подтверждён.
100000006919124100,terminal,1.000000,4,0.262699,Видны входящие от 1 плательщиков; исходящие — 0% наблюдаемого входящего. Возможный конечный получатель.
100000006952718100,terminal,1.000000,3,0.343206,Видны входящие от 1 плательщиков; исходящие — 0% наблюдаемого входящего. Возможный конечный получатель.
100000006965162100,terminal,1.000000,14,0.092828,Видны входящие от 1 плательщиков; исходящие — 0% наблюдаемого входящего. Возможный конечный получатель.
100000006967370100,peripheral,0.300000,44,0.297717,Наблюдаемые признаки не достигли порогов других ролей; требуется ручная проверка.
100000006972210100,consolidator,0.825000,2,0.751831,3 плательщиков; наблюдаемый исходящий поток — 0% входящего. Признаки консолидации.
100000006977207100,distributor,0.750000,29,0.556516,Переводит средства 15 различным получателям; признаки веерного распределения.
100000006989106100,terminal,1.000000,2,0.231679,Видны входящие от 1 плательщиков; исходящие — 0% наблюдаемого входящего. Возможный конечный получатель.
100000006989232100,terminal,1.000000,5,0.149570,Видны входящие от 1 плательщиков; исходящие — 0% наблюдаемого входящего. Возможный конечный получатель.
100000006994985100,peripheral,0.300000,2,0.468122,Наблюдаемые признаки не достигли порогов других ролей; требуется ручная проверка.
100000007005380100,terminal,1.000000,0,0.091492,Видны входящие от 1 плательщиков; исходящие — 0% наблюдаемого входящего. Возможный конечный получатель.
100000007018630100,peripheral,0.300000,36,0.010000,"Исходный клиент; входящие до начала обхода неизвестны, поэтому отношение потоков не применялось."
100000007020162100,terminal,1.000000,16,0.249570,Видны входящие от 1 плательщиков; исходящие — 0% наблюдаемого входящего. Возможный конечный получатель.
100000007022818100,terminal,1.000000,30,0.128208,Видны входящие от 1 плательщиков; исходящие — 0% наблюдаемого входящего. Возможный конечный получатель.
100000007034089100,peripheral,0.100000,34,0.514540,Обрыв на четвёртом колене: дальнейшие исходящие не наблюдаются; конечный получатель не подтверждён.
100000007042175100,peripheral,0.100000,4,0.286991,Обрыв на четвёртом колене: дальнейшие исходящие не наблюдаются; конечный получатель не подтверждён.
100000007055802100,consolidator,0.825309,5,0.739015,6 плательщиков; наблюдаемый исходящий поток — 30% входящего. Признаки консолидации.
100000007071852100,peripheral,0.100000,5,0.357218,Обрыв на четвёртом колене: дальнейшие исходящие не наблюдаются; конечный получатель не подтверждён.
100000007129492100,peripheral,0.300000,10,0.682542,Наблюдаемые признаки не достигли порогов других ролей; требуется ручная проверка.
100000007131370100,transit,1.000000,3,0.328640,"Получает от 1, переводит 1 получателям; масштаб наблюдаемых исходящих — 100% входящих. Признаки транзита."
100000007138613100,consolidator,0.780339,1,0.894644,3 плательщиков; наблюдаемый исходящий поток — 18% входящего. Признаки консолидации.
100000007140834100,terminal,1.000000,2,0.102440,Видны входящие от 1 плательщиков; исходящие — 0% наблюдаемого входящего. Возможный конечный получатель.
100000007153161100,peripheral,0.100000,4,0.261090,Обрыв на четвёртом колене: дальнейшие исходящие не наблюдаются; конечный получатель не подтверждён.
100000007170072100,transit,0.987500,29,0.444528,"Получает от 1, переводит 2 получателям; масштаб наблюдаемых исходящих — 100% входящих. Признаки транзита."
100000007173936100,terminal,1.000000,21,0.237466,Видны входящие от 1 плательщиков; исходящие — 0% наблюдаемого входящего. Возможный конечный получатель.
100000007175718100,terminal,1.000000,52,0.137420,Видны входящие от 1 плательщиков; исходящие — 0% наблюдаемого входящего. Возможный конечный получатель.
100000007181706100,terminal,1.000000,1,0.623046,Видны входящие от 2 плательщиков; исходящие — 0% наблюдаемого входящего. Возможный конечный получатель.
100000007197866100,peripheral,0.300000,5,0.251388,Наблюдаемые признаки не достигли порогов других ролей; требуется ручная проверка.
100000007229557100,consolidator,0.825000,34,0.746891,3 плательщиков; наблюдаемый исходящий поток — 0% входящего. Признаки консолидации.
100000007242833100,peripheral,0.300000,22,0.524598,Наблюдаемые признаки не достигли порогов других ролей; требуется ручная проверка.
100000007267915100,peripheral,0.300000,25,0.257886,Наблюдаемые признаки не достигли порогов других ролей; требуется ручная проверка.
100000007274584100,terminal,1.000000,1,0.366659,Видны входящие от 1 плательщиков; исходящие — 0% наблюдаемого входящего. Возможный конечный получатель.
100000007281639100,terminal,1.000000,3,0.606136,Видны входящие от 2 плательщиков; исходящие — 0% наблюдаемого входящего. Возможный конечный получатель.
100000007283257100,terminal,1.000000,65,0.297100,Видны входящие от 1 плательщиков; исходящие — 0% наблюдаемого входящего. Возможный конечный получатель.
100000007289427100,terminal,1.000000,23,0.108048,Видны входящие от 1 плательщиков; исходящие — 0% наблюдаемого входящего. Возможный конечный получатель.
100000007303047100,terminal,1.000000,30,0.220197,Видны входящие от 1 плательщиков; исходящие — 0% наблюдаемого входящего. Возможный конечный получатель.
100000007311010100,peripheral,0.300000,1,0.677335,Наблюдаемые признаки не достигли порогов других ролей; требуется ручная проверка.
100000007322059100,peripheral,0.300000,23,0.459933,Наблюдаемые признаки не достигли порогов других ролей; требуется ручная проверка.
100000007330432100,peripheral,0.100000,3,0.301633,Обрыв на четвёртом колене: дальнейшие исходящие не наблюдаются; конечный получатель не подтверждён.
100000007333038100,peripheral,0.300000,21,0.241997,Наблюдаемые признаки не достигли порогов других ролей; требуется ручная проверка.
100000007334196100,terminal,1.000000,10,0.472089,Видны входящие от 1 плательщиков; исходящие — 0% наблюдаемого входящего. Возможный конечный получатель.
100000007337374100,terminal,1.000000,27,0.137420,Видны входящие от 1 плательщиков; исходящие — 0% наблюдаемого входящего. Возможный конечный получатель.
100000007347733100,terminal,1.000000,76,0.151573,Видны входящие от 1 плательщиков; исходящие — 0% наблюдаемого входящего. Возможный конечный получатель.
100000007357489100,peripheral,0.100000,34,0.503859,Обрыв на четвёртом колене: дальнейшие исходящие не наблюдаются; конечный получатель не подтверждён.
100000007381662100,peripheral,0.100000,0,0.162959,Обрыв на четвёртом колене: дальнейшие исходящие не наблюдаются; конечный получатель не подтверждён.
100000007382152100,terminal,1.000000,25,0.183793,Видны входящие от 1 плательщиков; исходящие — 0% наблюдаемого входящего. Возможный конечный получатель.
100000007382543100,peripheral,0.300000,14,0.632473,Наблюдаемые признаки не достигли порогов других ролей; требуется ручная проверка.
100000007390016100,peripheral,0.300000,9,0.442532,Наблюдаемые признаки не достигли порогов других ролей; требуется ручная проверка.
100000007392365100,peripheral,0.300000,4,0.340529,Наблюдаемые признаки не достигли порогов других ролей; требуется ручная проверка.
100000007442518100,distributor,0.650000,21,0.932841,Переводит средства 9 различным получателям; признаки веерного распределения.
100000007472293100,peripheral,0.300000,34,0.348762,Наблюдаемые признаки не достигли порогов других ролей; требуется ручная проверка.
100000007484343100,terminal,1.000000,4,0.429366,Видны входящие от 2 плательщиков; исходящие — 0% наблюдаемого входящего. Возможный конечный получатель.
100000007487729100,terminal,1.000000,1,0.158649,Видны входящие от 1 плательщиков; исходящие — 0% наблюдаемого входящего. Возможный конечный получатель.
100000007507343100,terminal,1.000000,78,0.329143,Видны входящие от 1 плательщиков; исходящие — 0% наблюдаемого входящего. Возможный конечный получатель.
100000007510567100,peripheral,0.100000,38,0.278580,Обрыв на четвёртом колене: дальнейшие исходящие не наблюдаются; конечный получатель не подтверждён.
100000007510875100,terminal,1.000000,2,0.068795,Видны входящие от 1 плательщиков; исходящие — 0% наблюдаемого входящего. Возможный конечный получатель.
100000007511163100,peripheral,0.300000,3,0.634077,Наблюдаемые признаки не достигли порогов других ролей; требуется ручная проверка.
100000007511780100,peripheral,0.100000,0,0.240885,Обрыв на четвёртом колене: дальнейшие исходящие не наблюдаются; конечный получатель не подтверждён.
100000007534354100,peripheral,0.300000,21,0.167187,Наблюдаемые признаки не достигли порогов других ролей; требуется ручная проверка.
100000007536804100,peripheral,0.300000,2,0.213649,Наблюдаемые признаки не достигли порогов других ролей; требуется ручная проверка.
100000007539296100,peripheral,0.100000,0,0.159710,Обрыв на четвёртом колене: дальнейшие исходящие не наблюдаются; конечный получатель не подтверждён.
100000007544358100,transit,0.786822,3,0.753207,"Получает от 2, переводит 1 получателям; масштаб наблюдаемых исходящих — 109% входящих. Признаки транзита."
100000007591246100,peripheral,0.300000,3,0.321615,Наблюдаемые признаки не достигли порогов других ролей; требуется ручная проверка.
100000007593823100,distributor,0.716667,0,0.738271,Переводит средства 13 различным получателям; признаки веерного распределения.
100000007594394100,peripheral,0.300000,43,0.829804,Наблюдаемые признаки не достигли порогов других ролей; требуется ручная проверка.
100000007597382100,terminal,1.000000,9,0.267506,Видны входящие от 1 плательщиков; исходящие — 0% наблюдаемого входящего. Возможный конечный получатель.
100000007617808100,terminal,1.000000,28,0.510985,Видны входящие от 1 плательщиков; исходящие — 0% наблюдаемого входящего. Возможный конечный получатель.
100000007618425100,terminal,1.000000,44,0.193762,Видны входящие от 1 плательщиков; исходящие — 0% наблюдаемого входящего. Возможный конечный получатель.
100000007629096100,peripheral,0.300000,0,0.644179,Наблюдаемые признаки не достигли порогов других ролей; требуется ручная проверка.
100000007629121100,terminal,1.000000,1,0.346766,Видны входящие от 1 плательщиков; исходящие — 0% наблюдаемого входящего. Возможный конечный получатель.
100000007631637100,terminal,1.000000,32,0.120998,Видны входящие от 1 плательщиков; исходящие — 0% наблюдаемого входящего. Возможный конечный получатель.
100000007639767100,distributor,0.666667,0,0.773384,Переводит средства 10 различным получателям; признаки веерного распределения.
100000007641183100,terminal,1.000000,3,0.274715,Видны входящие от 1 плательщиков; исходящие — 0% наблюдаемого входящего. Возможный конечный получатель.
100000007641801100,terminal,1.000000,2,0.299770,Видны входящие от 1 плательщиков; исходящие — 0% наблюдаемого входящего. Возможный конечный получатель.
100000007647294100,terminal,1.000000,25,0.330478,Видны входящие от 1 плательщиков; исходящие — 0% наблюдаемого входящего. Возможный конечный получатель.
100000007648946100,peripheral,0.300000,0,0.247738,Наблюдаемые признаки не достигли порогов других ролей; требуется ручная проверка.
100000007653003100,terminal,1.000000,25,0.258649,Видны входящие от 1 плательщиков; исходящие — 0% наблюдаемого входящего. Возможный конечный получатель.
100000007653094100,peripheral,0.100000,0,0.253035,Обрыв на четвёртом колене: дальнейшие исходящие не наблюдаются; конечный получатель не подтверждён.
100000007689942100,peripheral,0.300000,5,0.182763,Наблюдаемые признаки не достигли порогов других ролей; требуется ручная проверка.
100000007731977100,peripheral,0.100000,0,0.271237,Обрыв на четвёртом колене: дальнейшие исходящие не наблюдаются; конечный получатель не подтверждён.
100000007737775100,terminal,1.000000,10,0.184060,Видны входящие от 1 плательщиков; исходящие — 0% наблюдаемого входящего. Возможный конечный получатель.
100000007745062100,peripheral,0.100000,22,0.317699,Обрыв на четвёртом колене: дальнейшие исходящие не наблюдаются; конечный получатель не подтверждён.
100000007747786100,distributor,1.000000,2,0.085000,Переводит средства 31 различным получателям; признаки веерного распределения.
100000007749092100,peripheral,0.300000,3,0.041018,Наблюдаемые признаки не достигли порогов других ролей; требуется ручная проверка.
100000007749747100,peripheral,0.100000,34,0.167187,Обрыв на четвёртом колене: дальнейшие исходящие не наблюдаются; конечный получатель не подтверждён.
100000007754369100,terminal,1.000000,5,0.246900,Видны входящие от 1 плательщиков; исходящие — 0% наблюдаемого входящего. Возможный конечный получатель.
100000007777377100,terminal,0.780841,28,0.702752,Видны входящие от 1 плательщиков; исходящие — 2% наблюдаемого входящего. Возможный конечный получатель.
100000007793871100,terminal,1.000000,38,0.309161,Видны входящие от 1 плательщиков; исходящие — 0% наблюдаемого входящего. Возможный конечный получатель.
100000007797290100,peripheral,0.300000,25,0.476667,Наблюдаемые признаки не достигли порогов других ролей; требуется ручная проверка.
100000007811950100,peripheral,0.100000,12,0.167187,Обрыв на четвёртом колене: дальнейшие исходящие не наблюдаются; конечный получатель не подтверждён.
100000007841978100,peripheral,0.100000,9,0.436124,Обрыв на четвёртом колене: дальнейшие исходящие не наблюдаются; конечный получатель не подтверждён.
100000007861311100,terminal,1.000000,2,0.202173,Видны входящие от 1 плательщиков; исходящие — 0% наблюдаемого входящего. Возможный конечный получатель.
100000007863304100,terminal,1.000000,9,0.303287,Видны входящие от 1 плательщиков; исходящие — 0% наблюдаемого входящего. Возможный конечный получатель.
100000007864477100,peripheral,0.300000,0,0.643022,Наблюдаемые признаки не достигли порогов других ролей; требуется ручная проверка.
100000007865484100,peripheral,0.100000,4,0.405549,Обрыв на четвёртом колене: дальнейшие исходящие не наблюдаются; конечный получатель не подтверждён.
100000007867364100,peripheral,0.100000,43,0.154103,Обрыв на четвёртом колене: дальнейшие исходящие не наблюдаются; конечный получатель не подтверждён.
100000007898453100,peripheral,0.300000,1,0.446582,Наблюдаемые признаки не достигли порогов других ролей; требуется ручная проверка.
100000007908818100,peripheral,0.300000,29,0.878624,Наблюдаемые признаки не достигли порогов других ролей; требуется ручная проверка.
100000007930878100,terminal,1.000000,79,0.068795,Видны входящие от 1 плательщиков; исходящие — 0% наблюдаемого входящего. Возможный конечный получатель.
100000007938486100,terminal,1.000000,32,0.193896,Видны входящие от 1 плательщиков; исходящие — 0% наблюдаемого входящего. Возможный конечный получатель.
100000007939160100,terminal,0.820126,79,0.508048,Видны входящие от 1 плательщиков; исходящие — 2% наблюдаемого входящего. Возможный конечный получатель.
100000007953156100,peripheral,0.300000,16,0.390686,Наблюдаемые признаки не достигли порогов других ролей; требуется ручная проверка.
100000007960337100,peripheral,0.100000,1,0.288193,Обрыв на четвёртом колене: дальнейшие исходящие не наблюдаются; конечный получатель не подтверждён.
100000007982728100,distributor,0.633333,2,0.085000,Переводит средства 8 различным получателям; признаки веерного распределения.
100000007982908100,terminal,1.000000,27,0.180544,Видны входящие от 1 плательщиков; исходящие — 0% наблюдаемого входящего. Возможный конечный получатель.
100000007988344100,peripheral,0.100000,5,0.196470,Обрыв на четвёртом колене: дальнейшие исходящие не наблюдаются; конечный получатель не подтверждён.
100000007997939100,peripheral,0.100000,34,0.168967,Обрыв на четвёртом колене: дальнейшие исходящие не наблюдаются; конечный получатель не подтверждён.
100000007998965100,consolidator,0.851619,38,0.882139,5 плательщиков; наблюдаемый исходящий поток — 9% входящего. Признаки консолидации.
100000007999728100,terminal,1.000000,16,0.152107,Видны входящие от 1 плательщиков; исходящие — 0% наблюдаемого входящего. Возможный конечный получатель.
100000008002020100,peripheral,0.300000,7,0.195758,Наблюдаемые признаки не достигли порогов других ролей; требуется ручная проверка.
100000008003034100,peripheral,0.300000,3,0.363048,Наблюдаемые признаки не достигли порогов других ролей; требуется ручная проверка.
100000008008463100,terminal,1.000000,39,0.223135,Видны входящие от 1 плательщиков; исходящие — 0% наблюдаемого входящего. Возможный конечный получатель.
100000008011159100,peripheral,0.300000,9,0.756461,Наблюдаемые признаки не достигли порогов других ролей; требуется ручная проверка.
100000008011573100,terminal,1.000000,44,0.116058,Видны входящие от 1 плательщиков; исходящие — 0% наблюдаемого входящего. Возможный конечный получатель.
100000008027922100,peripheral,0.100000,26,0.191219,Обрыв на четвёртом колене: дальнейшие исходящие не наблюдаются; конечный получатель не подтверждён.
100000008028628100,terminal,1.000000,32,0.226339,Видны входящие от 1 плательщиков; исходящие — 0% наблюдаемого входящего. Возможный конечный получатель.
100000008029279100,terminal,1.000000,5,0.126606,Видны входящие от 1 плательщиков; исходящие — 0% наблюдаемого входящего. Возможный конечный получатель.
100000008038077100,terminal,1.000000,9,0.485530,Видны входящие от 1 плательщиков; исходящие — 0% наблюдаемого входящего. Возможный конечный получатель.
100000008042075100,terminal,1.000000,18,0.068795,Видны входящие от 1 плательщиков; исходящие — 0% наблюдаемого входящего. Возможный конечный получатель.
100000008043184100,terminal,1.000000,25,0.217661,Видны входящие от 1 плательщиков; исходящие — 0% наблюдаемого входящего. Возможный конечный получатель.
100000008050986100,peripheral,0.100000,9,0.356017,Обрыв на четвёртом колене: дальнейшие исходящие не наблюдаются; конечный получатель не подтверждён.
100000008055972100,terminal,1.000000,30,0.171332,Видны входящие от 1 плательщиков; исходящие — 0% наблюдаемого входящего. Возможный конечный получатель.
100000008060273100,terminal,1.000000,29,0.286687,Видны входящие от 1 плательщиков; исходящие — 0% наблюдаемого входящего. Возможный конечный получатель.
100000008066326100,terminal,1.000000,0,0.136619,Видны входящие от 1 плательщиков; исходящие — 0% наблюдаемого входящего. Возможный конечный получатель.
100000008070101100,terminal,1.000000,34,0.362699,Видны входящие от 1 плательщиков; исходящие — 0% наблюдаемого входящего. Возможный конечный получатель.
100000008071620100,terminal,1.000000,0,0.206446,Видны входящие от 1 плательщиков; исходящие — 0% наблюдаемого входящего. Возможный конечный получатель.
100000008071749100,peripheral,0.100000,38,0.217565,Обрыв на четвёртом колене: дальнейшие исходящие не наблюдаются; конечный получатель не подтверждён.
100000008074304100,peripheral,0.100000,9,0.177779,Обрыв на четвёртом колене: дальнейшие исходящие не наблюдаются; конечный получатель не подтверждён.
100000008077552100,terminal,1.000000,5,0.304042,Видны входящие от 1 плательщиков; исходящие — 0% наблюдаемого входящего. Возможный конечный получатель.
100000008086440100,transit,0.518945,5,0.599090,"Получает от 1, переводит 5 получателям; масштаб наблюдаемых исходящих — 81% входящих. Признаки транзита."
100000008088082100,peripheral,0.300000,0,0.451968,Наблюдаемые признаки не достигли порогов других ролей; требуется ручная проверка.
100000008094734100,consolidator,0.850000,0,0.712178,4 плательщиков; наблюдаемый исходящий поток — 0% входящего. Признаки консолидации.
100000008097580100,terminal,1.000000,0,0.338801,Видны входящие от 2 плательщиков; исходящие — 0% наблюдаемого входящего. Возможный конечный получатель.
100000008104567100,peripheral,0.300000,16,0.659488,Наблюдаемые признаки не достигли порогов других ролей; требуется ручная проверка.
100000008106997100,peripheral,0.300000,0,0.563361,Наблюдаемые признаки не достигли порогов других ролей; требуется ручная проверка.
100000008111003100,consolidator,0.860712,0,0.879291,6 плательщиков; наблюдаемый исходящий поток — 16% входящего. Признаки консолидации.
100000008116374100,terminal,1.000000,3,0.285129,Видны входящие от 1 плательщиков; исходящие — 0% наблюдаемого входящего. Возможный конечный получатель.
100000008117324100,peripheral,0.100000,80,0.000000,Связи в предоставленной выгрузке отсутствуют; роль не определяется по наблюдаемому графу.
100000008121806100,peripheral,0.300000,29,0.385790,Наблюдаемые признаки не достигли порогов других ролей; требуется ручная проверка.
100000008129393100,terminal,1.000000,76,0.092828,Видны входящие от 1 плательщиков; исходящие — 0% наблюдаемого входящего. Возможный конечный получатель.
100000008130868100,peripheral,0.100000,21,0.105638,Обрыв на четвёртом колене: дальнейшие исходящие не наблюдаются; конечный получатель не подтверждён.
100000008136608100,peripheral,0.100000,38,0.245691,Обрыв на четвёртом колене: дальнейшие исходящие не наблюдаются; конечный получатель не подтверждён.
100000008137435100,peripheral,0.300000,26,0.560779,Наблюдаемые признаки не достигли порогов других ролей; требуется ручная проверка.
100000008141170100,terminal,1.000000,3,0.103909,Видны входящие от 1 плательщиков; исходящие — 0% наблюдаемого входящего. Возможный конечный получатель.
100000008144528100,consolidator,0.875000,3,0.762023,5 плательщиков; наблюдаемый исходящий поток — 0% входящего. Признаки консолидации.
100000008151098100,peripheral,0.100000,13,0.129002,Обрыв на четвёртом колене: дальнейшие исходящие не наблюдаются; конечный получатель не подтверждён.
100000008165763100,distributor,0.783333,0,0.969781,Переводит средства 17 различным получателям; признаки веерного распределения.
100000008168850100,peripheral,0.100000,9,0.395403,Обрыв на четвёртом колене: дальнейшие исходящие не наблюдаются; конечный получатель не подтверждён.
100000008169544100,peripheral,0.300000,3,0.523707,Наблюдаемые признаки не достигли порогов других ролей; требуется ручная проверка.
100000008172352100,peripheral,0.300000,23,0.682184,Наблюдаемые признаки не достигли порогов других ролей; требуется ручная проверка.
100000008172721100,peripheral,0.100000,5,0.245291,Обрыв на четвёртом колене: дальнейшие исходящие не наблюдаются; конечный получатель не подтверждён.
100000008173359100,terminal,1.000000,3,0.185796,Видны входящие от 1 плательщиков; исходящие — 0% наблюдаемого входящего. Возможный конечный получатель.
100000008174521100,terminal,1.000000,3,0.391271,Видны входящие от 1 плательщиков; исходящие — 0% наблюдаемого входящего. Возможный конечный получатель.
100000008175078100,peripheral,0.100000,9,0.460156,Обрыв на четвёртом колене: дальнейшие исходящие не наблюдаются; конечный получатель не подтверждён.
100000008183752100,peripheral,0.100000,34,0.233675,Обрыв на четвёртом колене: дальнейшие исходящие не наблюдаются; конечный получатель не подтверждён.
100000008188026100,peripheral,0.300000,3,0.650899,Наблюдаемые признаки не достигли порогов других ролей; требуется ручная проверка.
100000008190411100,peripheral,0.100000,42,0.253969,Обрыв на четвёртом колене: дальнейшие исходящие не наблюдаются; конечный получатель не подтверждён.
100000008190442100,terminal,1.000000,30,0.109917,Видны входящие от 1 плательщиков; исходящие — 0% наблюдаемого входящего. Возможный конечный получатель.
100000008192264100,transit,0.614581,9,0.601360,"Получает от 1, переводит 1 получателям; масштаб наблюдаемых исходящих — 115% входящих. Признаки транзита."
100000008193258100,peripheral,0.300000,25,0.354993,Наблюдаемые признаки не достигли порогов других ролей; требуется ручная проверка.
100000008193577100,peripheral,0.300000,8,0.397405,Наблюдаемые признаки не достигли порогов других ролей; требуется ручная проверка.
100000008200810100,terminal,1.000000,21,0.442538,Видны входящие от 1 плательщиков; исходящие — 0% наблюдаемого входящего. Возможный конечный получатель.
100000008205000100,peripheral,0.100000,81,0.000000,Связи в предоставленной выгрузке отсутствуют; роль не определяется по наблюдаемому графу.
100000008205937100,terminal,1.000000,11,0.374492,Видны входящие от 1 плательщиков; исходящие — 0% наблюдаемого входящего. Возможный конечный получатель.
100000008213966100,peripheral,0.300000,14,0.713693,Наблюдаемые признаки не достигли порогов других ролей; требуется ручная проверка.
100000008219168100,terminal,1.000000,2,0.221799,Видны входящие от 1 плательщиков; исходящие — 0% наблюдаемого входящего. Возможный конечный получатель.
100000008221543100,terminal,1.000000,25,0.501017,Видны входящие от 2 плательщиков; исходящие — 0% наблюдаемого входящего. Возможный конечный получатель.
100000008221765100,peripheral,0.100000,9,0.386057,Обрыв на четвёртом колене: дальнейшие исходящие не наблюдаются; конечный получатель не подтверждён.
100000008223661100,peripheral,0.300000,34,0.518011,Наблюдаемые признаки не достигли порогов других ролей; требуется ручная проверка.
100000008223756100,terminal,1.000000,29,0.585307,Видны входящие от 2 плательщиков; исходящие — 0% наблюдаемого входящего. Возможный конечный получатель.
100000008229700100,peripheral,0.300000,7,0.107774,Наблюдаемые признаки не достигли порогов других ролей; требуется ручная проверка.
100000008232832100,peripheral,0.300000,5,0.454370,Наблюдаемые признаки не достигли порогов других ролей; требуется ручная проверка.
100000008237827100,terminal,1.000000,1,0.371065,Видны входящие от 1 плательщиков; исходящие — 0% наблюдаемого входящего. Возможный конечный получатель.
100000008238112100,terminal,1.000000,9,0.441070,Видны входящие от 1 плательщиков; исходящие — 0% наблюдаемого входящего. Возможный конечный получатель.
100000008238989100,terminal,1.000000,26,0.299770,Видны входящие от 1 плательщиков; исходящие — 0% наблюдаемого входящего. Возможный конечный получатель.
100000008244300100,consolidator,0.875000,0,0.610399,5 плательщиков; наблюдаемый исходящий поток — 0% входящего. Признаки консолидации.
100000008251939100,peripheral,0.100000,38,0.260155,Обрыв на четвёртом колене: дальнейшие исходящие не наблюдаются; конечный получатель не подтверждён.
100000008254069100,peripheral,0.300000,43,0.418633,Наблюдаемые признаки не достигли порогов других ролей; требуется ручная проверка.
100000008254576100,peripheral,0.300000,25,0.200788,Наблюдаемые признаки не достигли порогов других ролей; требуется ручная проверка.
100000008255655100,peripheral,0.100000,25,0.032741,Обрыв на четвёртом колене: дальнейшие исходящие не наблюдаются; конечный получатель не подтверждён.
100000008258083100,peripheral,0.300000,21,0.805417,Наблюдаемые признаки не достигли порогов других ролей; требуется ручная проверка.
100000008258458100,peripheral,0.300000,3,0.370480,Наблюдаемые признаки не достигли порогов других ролей; требуется ручная проверка.
100000008259451100,terminal,1.000000,16,0.223802,Видны входящие от 1 плательщиков; исходящие — 0% наблюдаемого входящего. Возможный конечный получатель.
100000008279405100,terminal,1.000000,5,0.308715,Видны входящие от 1 плательщиков; исходящие — 0% наблюдаемого входящего. Возможный конечный получатель.
100000008283183100,terminal,1.000000,27,0.172400,Видны входящие от 1 плательщиков; исходящие — 0% наблюдаемого входящего. Возможный конечный получатель.
100000008289539100,terminal,1.000000,3,0.260563,Видны входящие от 1 плательщиков; исходящие — 0% наблюдаемого входящего. Возможный конечный получатель.
100000008293431100,peripheral,0.300000,5,0.253167,Наблюдаемые признаки не достигли порогов других ролей; требуется ручная проверка.
100000008295429100,terminal,1.000000,9,0.471911,Видны входящие от 1 плательщиков; исходящие — 0% наблюдаемого входящего. Возможный конечный получатель.
100000008297199100,terminal,1.000000,5,0.303420,Видны входящие от 1 плательщиков; исходящие — 0% наблюдаемого входящего. Возможный конечный получатель.
100000008304115100,terminal,1.000000,7,0.218195,Видны входящие от 1 плательщиков; исходящие — 0% наблюдаемого входящего. Возможный конечный получатель.
100000008304139100,distributor,0.900000,0,0.817042,Переводит средства 24 различным получателям; признаки веерного распределения.
100000008306857100,terminal,1.000000,21,0.376984,Видны входящие от 1 плательщиков; исходящие — 0% наблюдаемого входящего. Возможный конечный получатель.
100000008308418100,peripheral,0.100000,4,0.271237,Обрыв на четвёртом колене: дальнейшие исходящие не наблюдаются; конечный получатель не подтверждён.
100000008309514100,terminal,1.000000,30,0.128208,Видны входящие от 1 плательщиков; исходящие — 0% наблюдаемого входящего. Возможный конечный получатель.
100000008314203100,peripheral,0.300000,5,0.586503,"Исходный клиент; входящие до начала обхода неизвестны, поэтому отношение потоков не применялось."
100000008314863100,terminal,1.000000,1,0.209828,Видны входящие от 1 плательщиков; исходящие — 0% наблюдаемого входящего. Возможный конечный получатель.
100000008321975100,peripheral,0.100000,28,0.138927,Обрыв на четвёртом колене: дальнейшие исходящие не наблюдаются; конечный получатель не подтверждён.
100000008324800100,transit,0.926401,9,0.835717,"Получает от 3, переводит 1 получателям; масштаб наблюдаемых исходящих — 97% входящих. Признаки транзита."
100000008327791100,peripheral,0.100000,25,0.058909,Обрыв на четвёртом колене: дальнейшие исходящие не наблюдаются; конечный получатель не подтверждён.
100000008331280100,peripheral,0.100000,13,0.152767,Обрыв на четвёртом колене: дальнейшие исходящие не наблюдаются; конечный получатель не подтверждён.
100000008332511100,terminal,1.000000,2,0.433015,Видны входящие от 1 плательщиков; исходящие — 0% наблюдаемого входящего. Возможный конечный получатель.
100000008333492100,peripheral,0.100000,34,0.259710,Обрыв на четвёртом колене: дальнейшие исходящие не наблюдаются; конечный получатель не подтверждён.
100000008335401100,terminal,1.000000,38,0.386597,Видны входящие от 1 плательщиков; исходящие — 0% наблюдаемого входящего. Возможный конечный получатель.
100000008336318100,peripheral,0.100000,34,0.245691,Обрыв на четвёртом колене: дальнейшие исходящие не наблюдаются; конечный получатель не подтверждён.
100000008337304100,peripheral,0.100000,5,0.220324,Обрыв на четвёртом колене: дальнейшие исходящие не наблюдаются; конечный получатель не подтверждён.
100000008343415100,peripheral,0.100000,29,0.317699,Обрыв на четвёртом колене: дальнейшие исходящие не наблюдаются; конечный получатель не подтверждён.
100000008343874100,peripheral,0.300000,29,0.710045,Наблюдаемые признаки не достигли порогов других ролей; требуется ручная проверка.
100000008346837100,coordinator,0.900000,0,0.946062,Достижим от 6 исходных клиентов; связывает части наблюдаемого графа (центральность 0.0085). Кандидат для проверки.
100000008349675100,peripheral,0.300000,2,0.161045,Наблюдаемые признаки не достигли порогов других ролей; требуется ручная проверка.
100000008349740100,peripheral,0.100000,9,0.335857,Обрыв на четвёртом колене: дальнейшие исходящие не наблюдаются; конечный получатель не подтверждён.
100000008352542100,terminal,1.000000,10,0.391760,Видны входящие от 1 плательщиков; исходящие — 0% наблюдаемого входящего. Возможный конечный получатель.
100000008356606100,terminal,1.000000,3,0.447078,Видны входящие от 2 плательщиков; исходящие — 0% наблюдаемого входящего. Возможный конечный получатель.
100000008376089100,terminal,1.000000,21,0.421311,Видны входящие от 1 плательщиков; исходящие — 0% наблюдаемого входящего. Возможный конечный получатель.
100000008376785100,peripheral,0.100000,9,0.408220,Обрыв на четвёртом колене: дальнейшие исходящие не наблюдаются; конечный получатель не подтверждён.
100000008379273100,transit,0.861111,38,0.658280,"Получает от 2, переводит 4 получателям; масштаб наблюдаемых исходящих — 106% входящих. Признаки транзита."
100000008383405100,terminal,1.000000,18,0.158649,Видны входящие от 1 плательщиков; исходящие — 0% наблюдаемого входящего. Возможный конечный получатель.
100000008388049100,terminal,1.000000,21,0.444808,Видны входящие от 1 плательщиков; исходящие — 0% наблюдаемого входящего. Возможный конечный получатель.
100000008389800100,peripheral,0.300000,3,0.620146,Наблюдаемые признаки не достигли порогов других ролей; требуется ручная проверка.
100000008405209100,terminal,1.000000,25,0.223402,Видны входящие от 1 плательщиков; исходящие — 0% наблюдаемого входящего. Возможный конечный получатель.
100000008406609100,terminal,1.000000,43,0.184683,Видны входящие от 1 плательщиков; исходящие — 0% наблюдаемого входящего. Возможный конечный получатель.
100000008413748100,distributor,0.800000,44,0.651132,Переводит средства 18 различным получателям; признаки веерного распределения.
100000008416433100,terminal,1.000000,16,0.137420,Видны входящие от 1 плательщиков; исходящие — 0% наблюдаемого входящего. Возможный конечный получатель.
100000008417029100,terminal,1.000000,34,0.362699,Видны входящие от 1 плательщиков; исходящие — 0% наблюдаемого входящего. Возможный конечный получатель.
100000008417359100,peripheral,0.300000,25,0.152634,Наблюдаемые признаки не достигли порогов других ролей; требуется ручная проверка.
100000008418835100,peripheral,0.300000,10,0.313782,"Исходный клиент; входящие до начала обхода неизвестны, поэтому отношение потоков не применялось."
100000008418934100,terminal,1.000000,16,0.327941,Видны входящие от 1 плательщиков; исходящие — 0% наблюдаемого входящего. Возможный конечный получатель.
100000008422226100,terminal,1.000000,4,0.354154,Видны входящие от 1 плательщиков; исходящие — 0% наблюдаемого входящего. Возможный конечный получатель.
100000008427027100,terminal,1.000000,1,0.424114,Видны входящие от 1 плательщиков; исходящие — 0% наблюдаемого входящего. Возможный конечный получатель.
100000008430691100,peripheral,0.300000,3,0.251388,Наблюдаемые признаки не достигли порогов других ролей; требуется ручная проверка.
100000008432942100,terminal,1.000000,4,0.305956,Видны входящие от 1 плательщиков; исходящие — 0% наблюдаемого входящего. Возможный конечный получатель.
100000008436257100,terminal,1.000000,25,0.343340,Видны входящие от 2 плательщиков; исходящие — 0% наблюдаемого входящего. Возможный конечный получатель.
100000008438656100,peripheral,0.300000,1,0.703191,Наблюдаемые признаки не достигли порогов других ролей; требуется ручная проверка.
100000008443341100,peripheral,0.300000,7,0.477467,Наблюдаемые признаки не достигли порогов других ролей; требуется ручная проверка.
100000008454065100,terminal,1.000000,16,0.157180,Видны входящие от 1 плательщиков; исходящие — 0% наблюдаемого входящего. Возможный конечный получатель.
100000008459449100,terminal,1.000000,5,0.326517,Видны входящие от 1 плательщиков; исходящие — 0% наблюдаемого входящего. Возможный конечный получатель.
100000008460102100,distributor,1.000000,45,0.359009,Переводит средства 31 различным получателям; признаки веерного распределения.
100000008461217100,peripheral,0.100000,1,0.087080,Обрыв на четвёртом колене: дальнейшие исходящие не наблюдаются; конечный получатель не подтверждён.
100000008461532100,distributor,0.633333,13,0.830038,Переводит средства 8 различным получателям; признаки веерного распределения.
100000008463968100,terminal,1.000000,30,0.092828,Видны входящие от 1 плательщиков; исходящие — 0% наблюдаемого входящего. Возможный конечный получатель.
100000008465789100,distributor,0.766667,34,0.549753,Переводит средства 16 различным получателям; признаки веерного распределения.
100000008466579100,distributor,0.783333,34,0.675966,Переводит средства 17 различным получателям; признаки веерного распределения.
100000008468762100,terminal,1.000000,34,0.551395,Видны входящие от 2 плательщиков; исходящие — 0% наблюдаемого входящего. Возможный конечный получатель.
100000008469048100,peripheral,0.100000,5,0.414361,Обрыв на четвёртом колене: дальнейшие исходящие не наблюдаются; конечный получатель не подтверждён.
100000008470470100,terminal,1.000000,32,0.184016,Видны входящие от 1 плательщиков; исходящие — 0% наблюдаемого входящего. Возможный конечный получатель.
100000008471634100,peripheral,0.100000,12,0.092420,Обрыв на четвёртом колене: дальнейшие исходящие не наблюдаются; конечный получатель не подтверждён.
100000008472324100,terminal,1.000000,9,0.447612,Видны входящие от 1 плательщиков; исходящие — 0% наблюдаемого входящего. Возможный конечный получатель.
100000008473207100,terminal,1.000000,29,0.496166,Видны входящие от 1 плательщиков; исходящие — 0% наблюдаемого входящего. Возможный конечный получатель.
100000008473765100,terminal,1.000000,5,0.174002,Видны входящие от 1 плательщиков; исходящие — 0% наблюдаемого входящего. Возможный конечный получатель.
100000008474308100,peripheral,0.300000,7,0.067854,Наблюдаемые признаки не достигли порогов других ролей; требуется ручная проверка.
100000008474391100,terminal,1.000000,26,0.241470,Видны входящие от 1 плательщиков; исходящие — 0% наблюдаемого входящего. Возможный конечный получатель.
100000008477350100,coordinator,0.822886,5,0.931865,Достижим от 3 исходных клиентов; связывает части наблюдаемого графа (центральность 0.0027). Кандидат для проверки.
100000008478414100,terminal,1.000000,27,0.092828,Видны входящие от 1 плательщиков; исходящие — 0% наблюдаемого входящего. Возможный конечный получатель.
100000008486520100,peripheral,0.300000,3,0.407107,Наблюдаемые признаки не достигли порогов других ролей; требуется ручная проверка.
100000008488166100,terminal,1.000000,30,0.079076,Видны входящие от 1 плательщиков; исходящие — 0% наблюдаемого входящего. Возможный конечный получатель.
100000008489604100,terminal,1.000000,30,0.103909,Видны входящие от 1 плательщиков; исходящие — 0% наблюдаемого входящего. Возможный конечный получатель.
100000008489922100,distributor,1.000000,34,0.863594,Переводит средства 36 различным получателям; признаки веерного распределения.
100000008490127100,peripheral,0.300000,9,0.624241,Наблюдаемые признаки не достигли порогов других ролей; требуется ручная проверка.
100000008491390100,terminal,1.000000,4,0.293406,Видны входящие от 1 плательщиков; исходящие — 0% наблюдаемого входящего. Возможный конечный получатель.
100000008493007100,transit,1.000000,75,0.175725,"Получает от 1, переводит 1 получателям; масштаб наблюдаемых исходящих — 100% входящих. Признаки транзита."
100000008497298100,terminal,1.000000,16,0.347167,Видны входящие от 1 плательщиков; исходящие — 0% наблюдаемого входящего. Возможный конечный получатель.
100000008501413100,transit,0.950000,10,0.356321,"Получает от 1, переводит 1 получателям; масштаб наблюдаемых исходящих — 102% входящих. Признаки транзита."
100000008502995100,terminal,1.000000,28,0.158649,Видны входящие от 1 плательщиков; исходящие — 0% наблюдаемого входящего. Возможный конечный получатель.
100000008503177100,terminal,1.000000,5,0.184550,Видны входящие от 1 плательщиков; исходящие — 0% наблюдаемого входящего. Возможный конечный получатель.
100000008507703100,terminal,1.000000,30,0.171733,Видны входящие от 1 плательщиков; исходящие — 0% наблюдаемого входящего. Возможный конечный получатель.
100000008512552100,peripheral,0.300000,25,0.766875,Наблюдаемые признаки не достигли порогов других ролей; требуется ручная проверка.
100000008512827100,distributor,0.666667,34,0.853713,Переводит средства 10 различным получателям; признаки веерного распределения.
100000008513251100,peripheral,0.100000,82,0.000000,Связи в предоставленной выгрузке отсутствуют; роль не определяется по наблюдаемому графу.
100000008514970100,peripheral,0.300000,29,0.440618,Наблюдаемые признаки не достигли порогов других ролей; требуется ручная проверка.
100000008516839100,peripheral,0.300000,43,0.564072,"Исходный клиент; входящие до начала обхода неизвестны, поэтому отношение потоков не применялось."
100000008517061100,peripheral,0.100000,16,0.315384,Обрыв на четвёртом колене: дальнейшие исходящие не наблюдаются; конечный получатель не подтверждён.
100000008517538100,distributor,0.783333,34,0.791140,Переводит средства 17 различным получателям; признаки веерного распределения.
100000008522127100,peripheral,0.300000,34,0.010000,"Исходный клиент; входящие до начала обхода неизвестны, поэтому отношение потоков не применялось."
100000008524903100,peripheral,0.100000,4,0.175108,Обрыв на четвёртом колене: дальнейшие исходящие не наблюдаются; конечный получатель не подтверждён.
100000008525136100,peripheral,0.100000,0,0.213961,Обрыв на четвёртом колене: дальнейшие исходящие не наблюдаются; конечный получатель не подтверждён.
100000008531133100,peripheral,0.300000,3,0.287036,Наблюдаемые признаки не достигли порогов других ролей; требуется ручная проверка.
100000008531186100,terminal,1.000000,0,0.417572,Видны входящие от 1 плательщиков; исходящие — 0% наблюдаемого входящего. Возможный конечный получатель.
100000008532050100,terminal,1.000000,9,0.482058,Видны входящие от 1 плательщиков; исходящие — 0% наблюдаемого входящего. Возможный конечный получатель.
100000008536546100,terminal,1.000000,34,0.572757,Видны входящие от 2 плательщиков; исходящие — 0% наблюдаемого входящего. Возможный конечный получатель.
100000008537380100,terminal,1.000000,30,0.086820,Видны входящие от 1 плательщиков; исходящие — 0% наблюдаемого входящего. Возможный конечный получатель.
100000008545727100,peripheral,0.300000,38,0.422371,Наблюдаемые признаки не достигли порогов других ролей; требуется ручная проверка.
100000008546855100,consolidator,0.865176,5,0.799763,6 плательщиков; наблюдаемый исходящий поток — 14% входящего. Признаки консолидации.
100000008547295100,terminal,1.000000,39,0.116058,Видны входящие от 1 плательщиков; исходящие — 0% наблюдаемого входящего. Возможный конечный получатель.
100000008547844100,distributor,0.816667,34,0.842988,Переводит средства 19 различным получателям; признаки веерного распределения.
100000008547948100,distributor,0.933333,34,0.868356,Переводит средства 26 различным получателям; признаки веерного распределения.
100000008548853100,terminal,1.000000,30,0.112854,Видны входящие от 1 плательщиков; исходящие — 0% наблюдаемого входящего. Возможный конечный получатель.
100000008551752100,peripheral,0.100000,4,0.392331,Обрыв на четвёртом колене: дальнейшие исходящие не наблюдаются; конечный получатель не подтверждён.
100000008554390100,peripheral,0.100000,45,0.067854,Обрыв на четвёртом колене: дальнейшие исходящие не наблюдаются; конечный получатель не подтверждён.
100000008555233100,terminal,1.000000,34,0.335818,Видны входящие от 1 плательщиков; исходящие — 0% наблюдаемого входящего. Возможный конечный получатель.
100000008555918100,peripheral,0.300000,1,0.583653,Наблюдаемые признаки не достигли порогов других ролей; требуется ручная проверка.
100000008556318100,terminal,1.000000,1,0.637955,Видны входящие от 2 плательщиков; исходящие — 0% наблюдаемого входящего. Возможный конечный получатель.
100000008557672100,terminal,1.000000,27,0.210985,Видны входящие от 1 плательщиков; исходящие — 0% наблюдаемого входящего. Возможный конечный получатель.
100000008560263100,peripheral,0.100000,9,0.358287,Обрыв на четвёртом колене: дальнейшие исходящие не наблюдаются; конечный получатель не подтверждён.
100000008560717100,consolidator,0.913185,5,0.881694,7 плательщиков; наблюдаемый исходящий поток — 5% входящего. Признаки консолидации.
100000008561016100,transit,0.930556,34,0.461662,"Получает от 1, переводит 1 получателям; масштаб наблюдаемых исходящих — 103% входящих. Признаки транзита."
100000008566737100,terminal,1.000000,1,0.638267,Видны входящие от 2 плательщиков; исходящие — 0% наблюдаемого входящего. Возможный конечный получатель.
100000008568512100,terminal,1.000000,9,0.444141,Видны входящие от 1 плательщиков; исходящие — 0% наблюдаемого входящего. Возможный конечный получатель.
100000008571243100,terminal,1.000000,38,0.276539,Видны входящие от 1 плательщиков; исходящие — 0% наблюдаемого входящего. Возможный конечный получатель.
100000008571433100,peripheral,0.300000,78,0.433810,"Исходный клиент; входящие до начала обхода неизвестны, поэтому отношение потоков не применялось."
100000008571443100,terminal,1.000000,0,0.534039,Видны входящие от 2 плательщиков; исходящие — 0% наблюдаемого входящего. Возможный конечный получатель.
100000008575624100,peripheral,0.300000,69,0.010000,"Исходный клиент; входящие до начала обхода неизвестны, поэтому отношение потоков не применялось."
100000008576243100,terminal,1.000000,0,0.548459,Видны входящие от 2 плательщиков; исходящие — 0% наблюдаемого входящего. Возможный конечный получатель.
100000008576528100,terminal,1.000000,9,0.315303,Видны входящие от 1 плательщиков; исходящие — 0% наблюдаемого входящего. Возможный конечный получатель.
100000008579978100,peripheral,0.300000,9,0.443289,Наблюдаемые признаки не достигли порогов других ролей; требуется ручная проверка.
100000008582730100,transit,1.000000,5,0.078795,"Получает от 1, переводит 1 получателям; масштаб наблюдаемых исходящих — 100% входящих. Признаки транзита."
100000008583360100,peripheral,0.300000,38,0.383030,Наблюдаемые признаки не достигли порогов других ролей; требуется ручная проверка.
100000008583971100,peripheral,0.100000,5,0.433899,Обрыв на четвёртом колене: дальнейшие исходящие не наблюдаются; конечный получатель не подтверждён.
100000008586731100,terminal,1.000000,7,0.105778,Видны входящие от 1 плательщиков; исходящие — 0% наблюдаемого входящего. Возможный конечный получатель.
100000008587459100,peripheral,0.300000,0,0.691664,Наблюдаемые признаки не достигли порогов других ролей; требуется ручная проверка.
100000008588665100,peripheral,0.100000,5,0.217699,Обрыв на четвёртом колене: дальнейшие исходящие не наблюдаются; конечный получатель не подтверждён.
100000008595687100,peripheral,0.300000,3,0.291263,Наблюдаемые признаки не достигли порогов других ролей; требуется ручная проверка.
100000008596924100,terminal,1.000000,39,0.258649,Видны входящие от 1 плательщиков; исходящие — 0% наблюдаемого входящего. Возможный конечный получатель.
100000008598972100,terminal,1.000000,29,0.271866,Видны входящие от 1 плательщиков; исходящие — 0% наблюдаемого входящего. Возможный конечный получатель.
100000008599354100,peripheral,0.300000,5,0.508664,Наблюдаемые признаки не достигли порогов других ролей; требуется ручная проверка.
100000008601794100,peripheral,0.300000,37,0.447695,"Исходный клиент; входящие до начала обхода неизвестны, поэтому отношение потоков не применялось."
100000008603331100,peripheral,0.300000,42,0.497895,Наблюдаемые признаки не достигли порогов других ролей; требуется ручная проверка.
100000008603629100,coordinator,0.848554,5,0.974633,Достижим от 4 исходных клиентов; связывает части наблюдаемого графа (центральность 0.0035). Кандидат для проверки.
100000008612257100,terminal,1.000000,44,0.091626,Видны входящие от 1 плательщиков; исходящие — 0% наблюдаемого входящего. Возможный конечный получатель.
100000008619159100,peripheral,0.100000,3,0.291219,Обрыв на четвёртом колене: дальнейшие исходящие не наблюдаются; конечный получатель не подтверждён.
100000008619857100,peripheral,0.300000,0,0.388637,Наблюдаемые признаки не достигли порогов других ролей; требуется ручная проверка.
100000008620570100,peripheral,0.300000,0,0.743467,Наблюдаемые признаки не достигли порогов других ролей; требуется ручная проверка.
100000008624978100,terminal,1.000000,34,0.441159,Видны входящие от 1 плательщиков; исходящие — 0% наблюдаемого входящего. Возможный конечный получатель.
100000008625905100,peripheral,0.300000,3,0.608531,Наблюдаемые признаки не достигли порогов других ролей; требуется ручная проверка.
100000008628231100,peripheral,0.300000,1,0.517432,Наблюдаемые признаки не достигли порогов других ролей; требуется ручная проверка.
100000008628818100,peripheral,0.100000,38,0.264561,Обрыв на четвёртом колене: дальнейшие исходящие не наблюдаются; конечный получатель не подтверждён.
100000008629504100,peripheral,0.100000,5,0.092420,Обрыв на четвёртом колене: дальнейшие исходящие не наблюдаются; конечный получатель не подтверждён.
100000008629581100,terminal,1.000000,23,0.327318,Видны входящие от 1 плательщиков; исходящие — 0% наблюдаемого входящего. Возможный конечный получатель.
100000008631800100,peripheral,0.100000,45,0.064783,Обрыв на четвёртом колене: дальнейшие исходящие не наблюдаются; конечный получатель не подтверждён.
100000008632060100,distributor,0.650000,0,0.291852,Переводит средства 9 различным получателям; признаки веерного распределения.
100000008633099100,peripheral,0.300000,2,0.250721,Наблюдаемые признаки не достигли порогов других ролей; требуется ручная проверка.
100000008634520100,terminal,1.000000,34,0.396077,Видны входящие от 1 плательщиков; исходящие — 0% наблюдаемого входящего. Возможный конечный получатель.
100000008636603100,peripheral,0.300000,22,0.602702,Наблюдаемые признаки не достигли порогов других ролей; требуется ручная проверка.
100000008637537100,peripheral,0.300000,5,0.842932,"Исходный клиент; входящие до начала обхода неизвестны, поэтому отношение потоков не применялось."
100000008638859100,peripheral,0.100000,43,0.314049,Обрыв на четвёртом колене: дальнейшие исходящие не наблюдаются; конечный получатель не подтверждён.
100000008647905100,peripheral,0.300000,43,0.343066,Наблюдаемые признаки не достигли порогов других ролей; требуется ручная проверка.
100000008648783100,peripheral,0.100000,45,0.031673,Обрыв на четвёртом колене: дальнейшие исходящие не наблюдаются; конечный получатель не подтверждён.
100000008649416100,peripheral,0.100000,44,0.023795,Обрыв на четвёртом колене: дальнейшие исходящие не наблюдаются; конечный получатель не подтверждён.
100000008650785100,peripheral,0.300000,3,0.714584,"Исходный клиент; входящие до начала обхода неизвестны, поэтому отношение потоков не применялось."
100000008652094100,terminal,1.000000,4,0.290736,Видны входящие от 1 плательщиков; исходящие — 0% наблюдаемого входящего. Возможный конечный получатель.
100000008653041100,terminal,1.000000,30,0.170665,Видны входящие от 1 плательщиков; исходящие — 0% наблюдаемого входящего. Возможный конечный получатель.
100000008654653100,peripheral,0.300000,3,0.010000,"Исходный клиент; входящие до начала обхода неизвестны, поэтому отношение потоков не применялось."
100000008655035100,terminal,1.000000,2,0.278052,Видны входящие от 1 плательщиков; исходящие — 0% наблюдаемого входящего. Возможный конечный получатель.
100000008655779100,peripheral,0.300000,14,0.346671,Наблюдаемые признаки не достигли порогов других ролей; требуется ручная проверка.
100000008656043100,terminal,1.000000,27,0.166526,Видны входящие от 1 плательщиков; исходящие — 0% наблюдаемого входящего. Возможный конечный получатель.
100000008659445100,peripheral,0.300000,83,0.406973,"Исходный клиент; входящие до начала обхода неизвестны, поэтому отношение потоков не применялось."
100000008659950100,terminal,1.000000,34,0.456157,Видны входящие от 1 плательщиков; исходящие — 0% наблюдаемого входящего. Возможный конечный получатель.
100000008661550100,terminal,1.000000,30,0.150771,Видны входящие от 1 плательщиков; исходящие — 0% наблюдаемого входящего. Возможный конечный получатель.
100000008661585100,terminal,1.000000,32,0.200037,Видны входящие от 1 плательщиков; исходящие — 0% наблюдаемого входящего. Возможный конечный получатель.
100000008662216100,terminal,1.000000,30,0.166526,Видны входящие от 1 плательщиков; исходящие — 0% наблюдаемого входящего. Возможный конечный получатель.
100000008662805100,terminal,1.000000,30,0.125404,Видны входящие от 1 плательщиков; исходящие — 0% наблюдаемого входящего. Возможный конечный получатель.
100000008663007100,terminal,1.000000,32,0.112854,Видны входящие от 1 плательщиков; исходящие — 0% наблюдаемого входящего. Возможный конечный получатель.
100000008663723100,terminal,1.000000,30,0.122200,Видны входящие от 1 плательщиков; исходящие — 0% наблюдаемого входящего. Возможный конечный получатель.
100000008664469100,terminal,1.000000,1,0.333015,Видны входящие от 1 плательщиков; исходящие — 0% наблюдаемого входящего. Возможный конечный получатель.
100000008664774100,terminal,1.000000,30,0.124870,Видны входящие от 1 плательщиков; исходящие — 0% наблюдаемого входящего. Возможный конечный получатель.
100000008665380100,peripheral,0.300000,4,0.610357,Наблюдаемые признаки не достигли порогов других ролей; требуется ручная проверка.
100000008666075100,terminal,1.000000,32,0.167861,Видны входящие от 1 плательщиков; исходящие — 0% наблюдаемого входящего. Возможный конечный получатель.
100000008667058100,terminal,1.000000,32,0.130344,Видны входящие от 1 плательщиков; исходящие — 0% наблюдаемого входящего. Возможный конечный получатель.
100000008667795100,terminal,1.000000,30,0.184683,Видны входящие от 1 плательщиков; исходящие — 0% наблюдаемого входящего. Возможный конечный получатель.
100000008667799100,terminal,1.000000,30,0.184683,Видны входящие от 1 плательщиков; исходящие — 0% наблюдаемого входящего. Возможный конечный получатель.
100000008668099100,terminal,1.000000,30,0.122868,Видны входящие от 1 плательщиков; исходящие — 0% наблюдаемого входящего. Возможный конечный получатель.
100000008669037100,peripheral,0.100000,84,0.000000,Связи в предоставленной выгрузке отсутствуют; роль не определяется по наблюдаемому графу.
100000008669310100,terminal,1.000000,4,0.331857,Видны входящие от 1 плательщиков; исходящие — 0% наблюдаемого входящего. Возможный конечный получатель.
100000008670667100,terminal,1.000000,32,0.121399,Видны входящие от 1 плательщиков; исходящие — 0% наблюдаемого входящего. Возможный конечный получатель.
100000008671026100,terminal,1.000000,32,0.153442,Видны входящие от 1 плательщиков; исходящие — 0% наблюдаемого входящего. Возможный конечный получатель.
100000008671081100,terminal,1.000000,30,0.191225,Видны входящие от 1 плательщиков; исходящие — 0% наблюдаемого входящего. Возможный конечный получатель.
100000008671129100,terminal,1.000000,30,0.166526,Видны входящие от 1 плательщиков; исходящие — 0% наблюдаемого входящего. Возможный конечный получатель.
100000008671929100,terminal,1.000000,1,0.415391,Видны входящие от 1 плательщиков; исходящие — 0% наблюдаемого входящего. Возможный конечный получатель.
100000008672162100,terminal,1.000000,32,0.121933,Видны входящие от 1 плательщиков; исходящие — 0% наблюдаемого входящего. Возможный конечный получатель.
100000008672200100,terminal,1.000000,32,0.089356,Видны входящие от 1 плательщиков; исходящие — 0% наблюдаемого входящего. Возможный конечный получатель.
100000008672480100,terminal,1.000000,27,0.109917,Видны входящие от 1 плательщиков; исходящие — 0% наблюдаемого входящего. Возможный конечный получатель.
100000008672493100,terminal,1.000000,30,0.112854,Видны входящие от 1 плательщиков; исходящие — 0% наблюдаемого входящего. Возможный конечный получатель.
100000008672603100,terminal,1.000000,23,0.251617,Видны входящие от 1 плательщиков; исходящие — 0% наблюдаемого входящего. Возможный конечный получатель.
100000008672762100,terminal,1.000000,27,0.109917,Видны входящие от 1 плательщиков; исходящие — 0% наблюдаемого входящего. Возможный конечный получатель.
100000008673001100,peripheral,0.300000,43,0.199763,"Исходный клиент; входящие до начала обхода неизвестны, поэтому отношение потоков не применялось."
100000008675322100,peripheral,0.100000,9,0.425042,Обрыв на четвёртом колене: дальнейшие исходящие не наблюдаются; конечный получатель не подтверждён.
100000008676812100,terminal,1.000000,43,0.307647,Видны входящие от 1 плательщиков; исходящие — 0% наблюдаемого входящего. Возможный конечный получатель.
100000008677215100,terminal,1.000000,26,0.193940,Видны входящие от 1 плательщиков; исходящие — 0% наблюдаемого входящего. Возможный конечный получатель.
100000008677368100,peripheral,0.100000,2,0.067053,Обрыв на четвёртом колене: дальнейшие исходящие не наблюдаются; конечный получатель не подтверждён.
100000008677518100,terminal,1.000000,30,0.210184,Видны входящие от 1 плательщиков; исходящие — 0% наблюдаемого входящего. Возможный конечный получатель.
100000008679986100,terminal,1.000000,32,0.135551,Видны входящие от 1 плательщиков; исходящие — 0% наблюдаемого входящего. Возможный конечный получатель.
100000008680061100,peripheral,0.100000,0,0.153435,Обрыв на четвёртом колене: дальнейшие исходящие не наблюдаются; конечный получатель не подтверждён.
100000008680451100,terminal,1.000000,32,0.153442,Видны входящие от 1 плательщиков; исходящие — 0% наблюдаемого входящего. Возможный конечный получатель.
100000008680731100,distributor,0.950000,7,0.085000,Переводит средства 27 различным получателям; признаки веерного распределения.
100000008680912100,peripheral,0.300000,0,0.159042,Наблюдаемые признаки не достигли порогов других ролей; требуется ручная проверка.
100000008682426100,terminal,1.000000,16,0.137420,Видны входящие от 1 плательщиков; исходящие — 0% наблюдаемого входящего. Возможный конечный получатель.
100000008683818100,terminal,1.000000,27,0.129410,Видны входящие от 1 плательщиков; исходящие — 0% наблюдаемого входящего. Возможный конечный получатель.
100000008684452100,terminal,1.000000,30,0.219396,Видны входящие от 1 плательщиков; исходящие — 0% наблюдаемого входящего. Возможный конечный получатель.
100000008684767100,terminal,1.000000,30,0.180678,Видны входящие от 1 плательщиков; исходящие — 0% наблюдаемого входящего. Возможный конечный получатель.
100000008684951100,terminal,1.000000,30,0.128208,Видны входящие от 1 плательщиков; исходящие — 0% наблюдаемого входящего. Возможный конечный получатель.
100000008686214100,terminal,1.000000,0,0.262699,Видны входящие от 1 плательщиков; исходящие — 0% наблюдаемого входящего. Возможный конечный получатель.
100000008686234100,terminal,1.000000,0,0.194296,Видны входящие от 1 плательщиков; исходящие — 0% наблюдаемого входящего. Возможный конечный получатель.
100000008686247100,peripheral,0.300000,18,0.103635,Наблюдаемые признаки не достигли порогов других ролей; требуется ручная проверка.
100000008686313100,consolidator,0.856371,5,0.933363,6 плательщиков; наблюдаемый исходящий поток — 17% входящего. Признаки консолидации.
100000008686494100,terminal,1.000000,30,0.122868,Видны входящие от 1 плательщиков; исходящие — 0% наблюдаемого входящего. Возможный конечный получатель.
100000008687492100,terminal,1.000000,27,0.116058,Видны входящие от 1 плательщиков; исходящие — 0% наблюдаемого входящего. Возможный конечный получатель.
100000008687617100,terminal,1.000000,30,0.200171,Видны входящие от 1 плательщиков; исходящие — 0% наблюдаемого входящего. Возможный конечный получатель.
100000008687671100,terminal,1.000000,32,0.191359,Видны входящие от 1 плательщиков; исходящие — 0% наблюдаемого входящего. Возможный конечный получатель.
100000008687733100,terminal,1.000000,30,0.115524,Видны входящие от 1 плательщиков; исходящие — 0% наблюдаемого входящего. Возможный конечный получатель.
100000008687990100,terminal,1.000000,30,0.130878,Видны входящие от 1 плательщиков; исходящие — 0% наблюдаемого входящего. Возможный конечный получатель.
100000008688109100,terminal,1.000000,30,0.109650,Видны входящие от 1 плательщиков; исходящие — 0% наблюдаемого входящего. Возможный конечный получатель.
100000008688155100,terminal,1.000000,30,0.153709,Видны входящие от 1 плательщиков; исходящие — 0% наблюдаемого входящего. Возможный конечный получатель.
100000008688476100,terminal,1.000000,27,0.155578,Видны входящие от 1 плательщиков; исходящие — 0% наблюдаемого входящего. Возможный конечный получатель.
100000008688881100,terminal,1.000000,27,0.200972,Видны входящие от 1 плательщиков; исходящие — 0% наблюдаемого входящего. Возможный конечный получатель.
100000008690762100,terminal,1.000000,30,0.168528,Видны входящие от 1 плательщиков; исходящие — 0% наблюдаемого входящего. Возможный конечный получатель.
100000008690932100,terminal,1.000000,32,0.151038,Видны входящие от 1 плательщиков; исходящие — 0% наблюдаемого входящего. Возможный конечный получатель.
100000008691027100,terminal,1.000000,32,0.130344,Видны входящие от 1 плательщиков; исходящие — 0% наблюдаемого входящего. Возможный конечный получатель.
100000008691168100,terminal,1.000000,27,0.155578,Видны входящие от 1 плательщиков; исходящие — 0% наблюдаемого входящего. Возможный конечный получатель.
100000008691330100,terminal,1.000000,32,0.147968,Видны входящие от 1 плательщиков; исходящие — 0% наблюдаемого входящего. Возможный конечный получатель.
100000008691495100,terminal,1.000000,32,0.168795,Видны входящие от 1 плательщиков; исходящие — 0% наблюдаемого входящего. Возможный конечный получатель.
100000008692291100,transit,0.937500,34,0.802250,"Получает от 3, переводит 3 получателям; масштаб наблюдаемых исходящих — 98% входящих. Признаки транзита."
100000008693069100,terminal,1.000000,32,0.137420,Видны входящие от 1 плательщиков; исходящие — 0% наблюдаемого входящего. Возможный конечный получатель.
100000008695133100,terminal,1.000000,30,0.190024,Видны входящие от 1 плательщиков; исходящие — 0% наблюдаемого входящего. Возможный конечный получатель.
100000008695157100,peripheral,0.100000,29,0.289483,Обрыв на четвёртом колене: дальнейшие исходящие не наблюдаются; конечный получатель не подтверждён.
100000008695495100,terminal,1.000000,32,0.146232,Видны входящие от 1 плательщиков; исходящие — 0% наблюдаемого входящего. Возможный конечный получатель.
100000008695566100,terminal,1.000000,30,0.184283,Видны входящие от 1 плательщиков; исходящие — 0% наблюдаемого входящего. Возможный конечный получатель.
100000008695689100,terminal,1.000000,30,0.166526,Видны входящие от 1 плательщиков; исходящие — 0% наблюдаемого входящего. Возможный конечный получатель.
100000008696692100,terminal,1.000000,27,0.135551,Видны входящие от 1 плательщиков; исходящие — 0% наблюдаемого входящего. Возможный конечный получатель.
100000008696919100,terminal,1.000000,32,0.182013,Видны входящие от 1 плательщиков; исходящие — 0% наблюдаемого входящего. Возможный конечный получатель.
100000008697670100,terminal,1.000000,30,0.163589,Видны входящие от 1 плательщиков; исходящие — 0% наблюдаемого входящего. Возможный конечный получатель.
100000008699083100,peripheral,0.100000,34,0.264917,Обрыв на четвёртом колене: дальнейшие исходящие не наблюдаются; конечный получатель не подтверждён.
100000008701222100,peripheral,0.100000,85,0.000000,Связи в предоставленной выгрузке отсутствуют; роль не определяется по наблюдаемому графу.
100000008701256100,terminal,1.000000,0,0.331323,Видны входящие от 1 плательщиков; исходящие — 0% наблюдаемого входящего. Возможный конечный получатель.
100000008701944100,terminal,1.000000,10,0.323847,Видны входящие от 1 плательщиков; исходящие — 0% наблюдаемого входящего. Возможный конечный получатель.
100000008703533100,peripheral,0.100000,34,0.196025,Обрыв на четвёртом колене: дальнейшие исходящие не наблюдаются; конечный получатель не подтверждён.
100000008706846100,terminal,1.000000,30,0.114590,Видны входящие от 1 плательщиков; исходящие — 0% наблюдаемого входящего. Возможный конечный получатель.
100000008706947100,terminal,1.000000,30,0.128208,Видны входящие от 1 плательщиков; исходящие — 0% наблюдаемого входящего. Возможный конечный получатель.
100000008707810100,terminal,1.000000,30,0.166526,Видны входящие от 1 плательщиков; исходящие — 0% наблюдаемого входящего. Возможный конечный получатель.
100000008708025100,terminal,1.000000,14,0.092828,Видны входящие от 1 плательщиков; исходящие — 0% наблюдаемого входящего. Возможный конечный получатель.
100000008708061100,terminal,1.000000,30,0.089490,Видны входящие от 1 плательщиков; исходящие — 0% наблюдаемого входящего. Возможный конечный получатель.
100000008708207100,terminal,1.000000,34,0.639513,Видны входящие от 2 плательщиков; исходящие — 0% наблюдаемого входящего. Возможный конечный получатель.
100000008708368100,terminal,1.000000,32,0.154376,Видны входящие от 1 плательщиков; исходящие — 0% наблюдаемого входящего. Возможный конечный получатель.
100000008708595100,terminal,1.000000,30,0.128208,Видны входящие от 1 плательщиков; исходящие — 0% наблюдаемого входящего. Возможный конечный получатель.
100000008708743100,terminal,1.000000,30,0.121933,Видны входящие от 1 плательщиков; исходящие — 0% наблюдаемого входящего. Возможный конечный получатель.
100000008710791100,distributor,0.883333,34,0.883931,Переводит средства 23 различным получателям; признаки веерного распределения.
100000008710843100,distributor,0.716667,34,0.713038,Переводит средства 13 различным получателям; признаки веерного распределения.
100000008710913100,peripheral,0.100000,34,0.171904,Обрыв на четвёртом колене: дальнейшие исходящие не наблюдаются; конечный получатель не подтверждён.
100000008712036100,terminal,1.000000,30,0.146232,Видны входящие от 1 плательщиков; исходящие — 0% наблюдаемого входящего. Возможный конечный получатель.
100000008712184100,terminal,1.000000,30,0.132080,Видны входящие от 1 плательщиков; исходящие — 0% наблюдаемого входящего. Возможный конечный получатель.
100000008712827100,terminal,1.000000,30,0.242627,Видны входящие от 1 плательщиков; исходящие — 0% наблюдаемого входящего. Возможный конечный получатель.
100000008712991100,terminal,1.000000,30,0.234216,Видны входящие от 1 плательщиков; исходящие — 0% наблюдаемого входящего. Возможный конечный получатель.
100000008713270100,peripheral,0.300000,39,0.287346,Наблюдаемые признаки не достигли порогов других ролей; требуется ручная проверка.
100000008713685100,terminal,1.000000,30,0.211786,Видны входящие от 1 плательщиков; исходящие — 0% наблюдаемого входящего. Возможный конечный получатель.
100000008714412100,terminal,1.000000,38,0.290558,Видны входящие от 1 плательщиков; исходящие — 0% наблюдаемого входящего. Возможный конечный получатель.
100000008715513100,peripheral,0.100000,45,0.137948,Обрыв на четвёртом колене: дальнейшие исходящие не наблюдаются; конечный получатель не подтверждён.
100000008715887100,terminal,1.000000,30,0.132080,Видны входящие от 1 плательщиков; исходящие — 0% наблюдаемого входящего. Возможный конечный получатель.
100000008716072100,terminal,1.000000,30,0.107247,Видны входящие от 1 плательщиков; исходящие — 0% наблюдаемого входящего. Возможный конечный получатель.
100000008716222100,terminal,1.000000,32,0.132080,Видны входящие от 1 плательщиков; исходящие — 0% наблюдаемого входящего. Возможный конечный получатель.
100000008716439100,terminal,1.000000,32,0.107914,Видны входящие от 1 плательщиков; исходящие — 0% наблюдаемого входящего. Возможный конечный получатель.
100000008716773100,terminal,1.000000,32,0.122601,Видны входящие от 1 плательщиков; исходящие — 0% наблюдаемого входящего. Возможный конечный получатель.
100000008717340100,terminal,1.000000,32,0.198569,Видны входящие от 1 плательщиков; исходящие — 0% наблюдаемого входящего. Возможный конечный получатель.
100000008717341100,terminal,1.000000,32,0.115124,Видны входящие от 1 плательщиков; исходящие — 0% наблюдаемого входящего. Возможный конечный получатель.
100000008717375100,terminal,1.000000,23,0.277652,Видны входящие от 1 плательщиков; исходящие — 0% наблюдаемого входящего. Возможный конечный получатель.
100000008717802100,terminal,1.000000,30,0.165725,Видны входящие от 1 плательщиков; исходящие — 0% наблюдаемого входящего. Возможный конечный получатель.
100000008718089100,terminal,1.000000,32,0.121399,Видны входящие от 1 плательщиков; исходящие — 0% наблюдаемого входящего. Возможный конечный получатель.
100000008718811100,terminal,1.000000,30,0.240358,Видны входящие от 1 плательщиков; исходящие — 0% наблюдаемого входящего. Возможный конечный получатель.
100000008720668100,terminal,1.000000,30,0.123669,Видны входящие от 1 плательщиков; исходящие — 0% наблюдаемого входящего. Возможный конечный получатель.
100000008720798100,terminal,1.000000,32,0.121399,Видны входящие от 1 плательщиков; исходящие — 0% наблюдаемого входящего. Возможный конечный получатель.
100000008720856100,peripheral,0.300000,0,0.248451,Наблюдаемые признаки не достигли порогов других ролей; требуется ручная проверка.
100000008721637100,peripheral,0.300000,2,0.298784,Наблюдаемые признаки не достигли порогов других ролей; требуется ручная проверка.
100000008722328100,terminal,1.000000,32,0.154376,Видны входящие от 1 плательщиков; исходящие — 0% наблюдаемого входящего. Возможный конечный получатель.
100000008722417100,peripheral,0.300000,9,0.606752,Наблюдаемые признаки не достигли порогов других ролей; требуется ручная проверка.
100000008722541100,peripheral,0.100000,9,0.416898,Обрыв на четвёртом колене: дальнейшие исходящие не наблюдаются; конечный получатель не подтверждён.
100000008723830100,transit,0.973982,3,0.767626,"Получает от 2, переводит 1 получателям; масштаб наблюдаемых исходящих — 99% входящих. Признаки транзита."
100000008724279100,terminal,1.000000,3,0.209561,Видны входящие от 1 плательщиков; исходящие — 0% наблюдаемого входящего. Возможный конечный получатель.
100000008724461100,peripheral,0.300000,34,0.377022,Наблюдаемые признаки не достигли порогов других ролей; требуется ручная проверка.
100000008727982100,peripheral,0.100000,34,0.129002,Обрыв на четвёртом колене: дальнейшие исходящие не наблюдаются; конечный получатель не подтверждён.
100000008728457100,terminal,1.000000,10,0.389979,Видны входящие от 1 плательщиков; исходящие — 0% наблюдаемого входящего. Возможный конечный получатель.
100000008729597100,terminal,1.000000,5,0.247300,Видны входящие от 1 плательщиков; исходящие — 0% наблюдаемого входящего. Возможный конечный получатель.
100000008729801100,terminal,1.000000,32,0.130344,Видны входящие от 1 плательщиков; исходящие — 0% наблюдаемого входящего. Возможный конечный получатель.
100000008730021100,terminal,1.000000,10,0.346277,Видны входящие от 1 плательщиков; исходящие — 0% наблюдаемого входящего. Возможный конечный получатель.
100000008730238100,peripheral,0.100000,34,0.224330,Обрыв на четвёртом колене: дальнейшие исходящие не наблюдаются; конечный получатель не подтверждён.
100000008730371100,terminal,1.000000,5,0.603999,Видны входящие от 2 плательщиков; исходящие — 0% наблюдаемого входящего. Возможный конечный получатель.
100000008730846100,peripheral,0.300000,0,0.799230,Наблюдаемые признаки не достигли порогов других ролей; требуется ручная проверка.
100000008731444100,distributor,0.650000,1,0.878102,Переводит средства 9 различным получателям; признаки веерного распределения.
100000008732098100,terminal,1.000000,32,0.122601,Видны входящие от 1 плательщиков; исходящие — 0% наблюдаемого входящего. Возможный конечный получатель.
100000008732488100,peripheral,0.300000,5,0.391308,Наблюдаемые признаки не достигли порогов других ролей; требуется ручная проверка.
100000008733049100,terminal,1.000000,3,0.237466,Видны входящие от 1 плательщиков; исходящие — 0% наблюдаемого входящего. Возможный конечный получатель.
100000008733194100,distributor,0.633333,22,0.898751,Переводит средства 8 различным получателям; признаки веерного распределения.
100000008734279100,peripheral,0.100000,29,0.136746,Обрыв на четвёртом колене: дальнейшие исходящие не наблюдаются; конечный получатель не подтверждён.
100000008734364100,terminal,1.000000,27,0.166526,Видны входящие от 1 плательщиков; исходящие — 0% наблюдаемого входящего. Возможный конечный получатель.
100000008735384100,terminal,1.000000,32,0.193495,Видны входящие от 1 плательщиков; исходящие — 0% наблюдаемого входящего. Возможный конечный получатель.
100000008735802100,peripheral,0.100000,4,0.307418,Обрыв на четвёртом колене: дальнейшие исходящие не наблюдаются; конечный получатель не подтверждён.
100000008735832100,terminal,1.000000,30,0.130878,Видны входящие от 1 плательщиков; исходящие — 0% наблюдаемого входящего. Возможный конечный получатель.
100000008736173100,terminal,1.000000,32,0.180411,Видны входящие от 1 плательщиков; исходящие — 0% наблюдаемого входящего. Возможный конечный получатель.
100000008736394100,terminal,1.000000,27,0.123669,Видны входящие от 1 плательщиков; исходящие — 0% наблюдаемого входящего. Возможный конечный получатель.
100000008736760100,terminal,1.000000,32,0.223669,Видны входящие от 1 плательщиков; исходящие — 0% наблюдаемого входящего. Возможный конечный получатель.
100000008736940100,peripheral,0.300000,83,0.470569,Наблюдаемые признаки не достигли порогов других ролей; требуется ручная проверка.
100000008737422100,terminal,1.000000,32,0.243428,Видны входящие от 1 плательщиков; исходящие — 0% наблюдаемого входящего. Возможный конечный получатель.
100000008737514100,terminal,1.000000,3,0.393006,Видны входящие от 1 плательщиков; исходящие — 0% наблюдаемого входящего. Возможный конечный получатель.
100000008737958100,terminal,1.000000,27,0.378587,Видны входящие от 2 плательщиков; исходящие — 0% наблюдаемого входящего. Возможный конечный получатель.
100000008738325100,peripheral,0.300000,43,0.144890,"Исходный клиент; входящие до начала обхода неизвестны, поэтому отношение потоков не применялось."
100000008738526100,peripheral,0.300000,34,0.230026,Наблюдаемые признаки не достигли порогов других ролей; требуется ручная проверка.
100000008738658100,terminal,1.000000,30,0.173869,Видны входящие от 1 плательщиков; исходящие — 0% наблюдаемого входящего. Возможный конечный получатель.
100000008739887100,peripheral,0.300000,5,0.695625,Наблюдаемые признаки не достигли порогов других ролей; требуется ручная проверка.
100000008740295100,peripheral,0.100000,34,0.379114,Обрыв на четвёртом колене: дальнейшие исходящие не наблюдаются; конечный получатель не подтверждён.
100000008740793100,terminal,1.000000,30,0.146232,Видны входящие от 1 плательщиков; исходящие — 0% наблюдаемого входящего. Возможный конечный получатель.
100000008741372100,terminal,1.000000,32,0.189223,Видны входящие от 1 плательщиков; исходящие — 0% наблюдаемого входящего. Возможный конечный получатель.
100000008742053100,distributor,0.700000,34,0.415752,Переводит средства 12 различным получателям; признаки веерного распределения.
100000008742266100,terminal,1.000000,27,0.146232,Видны входящие от 1 плательщиков; исходящие — 0% наблюдаемого входящего. Возможный конечный получатель.
100000008743913100,distributor,0.716667,34,0.876811,Переводит средства 13 различным получателям; признаки веерного распределения.
100000008744364100,terminal,1.000000,30,0.154777,Видны входящие от 1 плательщиков; исходящие — 0% наблюдаемого входящего. Возможный конечный получатель.
100000008744799100,terminal,1.000000,30,0.109249,Видны входящие от 1 плательщиков; исходящие — 0% наблюдаемого входящего. Возможный конечный получатель.
100000008744849100,terminal,1.000000,32,0.201239,Видны входящие от 1 плательщиков; исходящие — 0% наблюдаемого входящего. Возможный конечный получатель.
100000008745474100,terminal,1.000000,32,0.197500,Видны входящие от 1 плательщиков; исходящие — 0% наблюдаемого входящего. Возможный конечный получатель.
100000008745489100,terminal,1.000000,32,0.225137,Видны входящие от 1 плательщиков; исходящие — 0% наблюдаемого входящего. Возможный конечный получатель.
100000008745643100,terminal,1.000000,32,0.145297,Видны входящие от 1 плательщиков; исходящие — 0% наблюдаемого входящего. Возможный конечный получатель.
100000008745676100,peripheral,0.100000,19,0.141152,Обрыв на четвёртом колене: дальнейшие исходящие не наблюдаются; конечный получатель не подтверждён.
100000008745725100,terminal,1.000000,32,0.207514,Видны входящие от 1 плательщиков; исходящие — 0% наблюдаемого входящего. Возможный конечный получатель.
100000008745863100,terminal,1.000000,30,0.150905,Видны входящие от 1 плательщиков; исходящие — 0% наблюдаемого входящего. Возможный конечный получатель.
100000008745884100,terminal,1.000000,30,0.137420,Видны входящие от 1 плательщиков; исходящие — 0% наблюдаемого входящего. Возможный конечный получатель.
100000008746025100,terminal,1.000000,32,0.148635,Видны входящие от 1 плательщиков; исходящие — 0% наблюдаемого входящего. Возможный конечный получатель.
100000008746449100,distributor,0.666667,34,0.458654,Переводит средства 10 различным получателям; признаки веерного распределения.
100000008746673100,terminal,1.000000,32,0.221666,Видны входящие от 1 плательщиков; исходящие — 0% наблюдаемого входящего. Возможный конечный получатель.
100000008747113100,terminal,1.000000,1,0.643162,Видны входящие от 2 плательщиков; исходящие — 0% наблюдаемого входящего. Возможный конечный получатель.
100000008748408100,distributor,0.850000,39,0.357941,Переводит средства 21 различным получателям; признаки веерного распределения.
100000008748795100,terminal,1.000000,4,0.311430,Видны входящие от 1 плательщиков; исходящие — 0% наблюдаемого входящего. Возможный конечный получатель.
100000008748914100,distributor,0.716667,1,0.678903,Переводит средства 13 различным получателям; признаки веерного распределения.
100000008749063100,terminal,1.000000,32,0.135551,Видны входящие от 1 плательщиков; исходящие — 0% наблюдаемого входящего. Возможный конечный получатель.
100000008749405100,terminal,1.000000,30,0.190958,Видны входящие от 1 плательщиков; исходящие — 0% наблюдаемого входящего. Возможный конечный получатель.
100000008749406100,terminal,1.000000,32,0.127540,Видны входящие от 1 плательщиков; исходящие — 0% наблюдаемого входящего. Возможный конечный получатель.
100000008749618100,terminal,1.000000,32,0.208181,Видны входящие от 1 плательщиков; исходящие — 0% наблюдаемого входящего. Возможный конечный получатель.
100000008749900100,terminal,1.000000,30,0.128075,Видны входящие от 1 плательщиков; исходящие — 0% наблюдаемого входящего. Возможный конечный получатель.
100000008749989100,terminal,1.000000,27,0.123669,Видны входящие от 1 плательщиков; исходящие — 0% наблюдаемого входящего. Возможный конечный получатель.
100000008750464100,terminal,1.000000,30,0.088822,Видны входящие от 1 плательщиков; исходящие — 0% наблюдаемого входящего. Возможный конечный получатель.
100000008751349100,terminal,1.000000,13,0.105378,Видны входящие от 1 плательщиков; исходящие — 0% наблюдаемого входящего. Возможный конечный получатель.
100000008751380100,terminal,1.000000,34,0.657225,Видны входящие от 2 плательщиков; исходящие — 0% наблюдаемого входящего. Возможный конечный получатель.
100000008751429100,consolidator,0.778004,83,0.549160,3 плательщиков; наблюдаемый исходящий поток — 19% входящего. Признаки консолидации.
100000008752616100,peripheral,0.300000,34,0.709510,Наблюдаемые признаки не достигли порогов других ролей; требуется ручная проверка.
100000008753061100,terminal,1.000000,30,0.171599,Видны входящие от 1 плательщиков; исходящие — 0% наблюдаемого входящего. Возможный конечный получатель.
100000008753193100,terminal,1.000000,32,0.188288,Видны входящие от 1 плательщиков; исходящие — 0% наблюдаемого входящего. Возможный конечный получатель.
100000008753897100,terminal,1.000000,30,0.157180,Видны входящие от 1 плательщиков; исходящие — 0% наблюдаемого входящего. Возможный конечный получатель.
100000008754608100,terminal,1.000000,30,0.108048,Видны входящие от 1 плательщиков; исходящие — 0% наблюдаемого входящего. Возможный конечный получатель.
100000008754747100,terminal,1.000000,30,0.204309,Видны входящие от 1 плательщиков; исходящие — 0% наблюдаемого входящего. Возможный конечный получатель.
100000008754997100,terminal,1.000000,30,0.132080,Видны входящие от 1 плательщиков; исходящие — 0% наблюдаемого входящего. Возможный конечный получатель.
100000008755168100,terminal,1.000000,30,0.130878,Видны входящие от 1 плательщиков; исходящие — 0% наблюдаемого входящего. Возможный конечный получатель.
100000008755361100,terminal,1.000000,32,0.115124,Видны входящие от 1 плательщиков; исходящие — 0% наблюдаемого входящего. Возможный конечный получатель.
100000008755580100,terminal,1.000000,30,0.123669,Видны входящие от 1 плательщиков; исходящие — 0% наблюдаемого входящего. Возможный конечный получатель.
100000008755754100,terminal,1.000000,21,0.083615,Видны входящие от 1 плательщиков; исходящие — 0% наблюдаемого входящего. Возможный конечный получатель.
100000008757301100,peripheral,0.100000,5,0.182407,Обрыв на четвёртом колене: дальнейшие исходящие не наблюдаются; конечный получатель не подтверждён.
100000008757369100,peripheral,0.300000,5,0.278358,Наблюдаемые признаки не достигли порогов других ролей; требуется ручная проверка.
100000008758106100,peripheral,0.100000,34,0.151878,Обрыв на четвёртом колене: дальнейшие исходящие не наблюдаются; конечный получатель не подтверждён.
100000008758168100,peripheral,0.300000,34,0.722060,Наблюдаемые признаки не достигли порогов других ролей; требуется ручная проверка.
100000008758607100,peripheral,0.100000,34,0.127845,Обрыв на четвёртом колене: дальнейшие исходящие не наблюдаются; конечный получатель не подтверждён.
100000008759795100,peripheral,0.100000,45,0.081606,Обрыв на четвёртом колене: дальнейшие исходящие не наблюдаются; конечный получатель не подтверждён.
100000008759857100,peripheral,0.300000,34,0.323751,Наблюдаемые признаки не достигли порогов других ролей; требуется ручная проверка.
100000008760098100,peripheral,0.300000,34,0.338571,Наблюдаемые признаки не достигли порогов других ролей; требуется ручная проверка.
100000008761132100,peripheral,0.100000,34,0.151878,Обрыв на четвёртом колене: дальнейшие исходящие не наблюдаются; конечный получатель не подтверждён.
100000008761219100,peripheral,0.300000,34,0.673819,Наблюдаемые признаки не достигли порогов других ролей; требуется ручная проверка.
100000008761220100,peripheral,0.100000,34,0.151878,Обрыв на четвёртом колене: дальнейшие исходящие не наблюдаются; конечный получатель не подтверждён.
100000008762005100,peripheral,0.100000,34,0.023795,Обрыв на четвёртом колене: дальнейшие исходящие не наблюдаются; конечный получатель не подтверждён.
100000008762728100,terminal,1.000000,3,0.271911,Видны входящие от 1 плательщиков; исходящие — 0% наблюдаемого входящего. Возможный конечный получатель.
100000008762832100,peripheral,0.300000,1,0.237547,Наблюдаемые признаки не достигли порогов других ролей; требуется ручная проверка.
100000008762843100,peripheral,0.100000,34,0.038615,Обрыв на четвёртом колене: дальнейшие исходящие не наблюдаются; конечный получатель не подтверждён.
100000008762885100,peripheral,0.100000,34,0.038615,Обрыв на четвёртом колене: дальнейшие исходящие не наблюдаются; конечный получатель не подтверждён.
100000008763688100,terminal,1.000000,30,0.146232,Видны входящие от 1 плательщиков; исходящие — 0% наблюдаемого входящего. Возможный конечный получатель.
100000008764436100,terminal,1.000000,27,0.111386,Видны входящие от 1 плательщиков; исходящие — 0% наблюдаемого входящего. Возможный конечный получатель.
100000008764654100,terminal,1.000000,30,0.165725,Видны входящие от 1 плательщиков; исходящие — 0% наблюдаемого входящего. Возможный конечный получатель.
100000008765494100,terminal,1.000000,27,0.155578,Видны входящие от 1 плательщиков; исходящие — 0% наблюдаемого входящего. Возможный конечный получатель.
100000008765627100,terminal,1.000000,39,0.227941,Видны входящие от 1 плательщиков; исходящие — 0% наблюдаемого входящего. Возможный конечный получатель.
100000008766031100,peripheral,0.100000,34,0.127845,Обрыв на четвёртом колене: дальнейшие исходящие не наблюдаются; конечный получатель не подтверждён.
100000008766764100,peripheral,0.100000,34,0.127845,Обрыв на четвёртом колене: дальнейшие исходящие не наблюдаются; конечный получатель не подтверждён.
100000008767027100,terminal,1.000000,34,0.213433,Видны входящие от 1 плательщиков; исходящие — 0% наблюдаемого входящего. Возможный конечный получатель.
100000008767065100,terminal,1.000000,34,0.237466,Видны входящие от 1 плательщиков; исходящие — 0% наблюдаемого входящего. Возможный конечный получатель.
100000008767925100,terminal,1.000000,32,0.127540,Видны входящие от 1 плательщиков; исходящие — 0% наблюдаемого входящего. Возможный конечный получатель.
100000008767950100,terminal,1.000000,30,0.129143,Видны входящие от 1 плательщиков; исходящие — 0% наблюдаемого входящего. Возможный конечный получатель.
100000008768896100,terminal,1.000000,32,0.207514,Видны входящие от 1 плательщиков; исходящие — 0% наблюдаемого входящего. Возможный конечный получатель.
100000008769097100,terminal,1.000000,30,0.180678,Видны входящие от 1 плательщиков; исходящие — 0% наблюдаемого входящего. Возможный конечный получатель.
100000008769636100,terminal,1.000000,32,0.151706,Видны входящие от 1 плательщиков; исходящие — 0% наблюдаемого входящего. Возможный конечный получатель.
100000008770483100,peripheral,0.100000,34,0.127845,Обрыв на четвёртом колене: дальнейшие исходящие не наблюдаются; конечный получатель не подтверждён.
100000008771627100,terminal,1.000000,27,0.125404,Видны входящие от 1 плательщиков; исходящие — 0% наблюдаемого входящего. Возможный конечный получатель.
100000008771814100,terminal,1.000000,27,0.154777,Видны входящие от 1 плательщиков; исходящие — 0% наблюдаемого входящего. Возможный конечный получатель.
100000008771819100,terminal,1.000000,32,0.192961,Видны входящие от 1 плательщиков; исходящие — 0% наблюдаемого входящего. Возможный конечный получатель.
100000008772058100,terminal,1.000000,27,0.212187,Видны входящие от 1 плательщиков; исходящие — 0% наблюдаемого входящего. Возможный конечный получатель.
100000008772246100,terminal,1.000000,30,0.201639,Видны входящие от 1 плательщиков; исходящие — 0% наблюдаемого входящего. Возможный конечный получатель.
100000008773876100,terminal,1.000000,32,0.165324,Видны входящие от 1 плательщиков; исходящие — 0% наблюдаемого входящего. Возможный конечный получатель.
100000008774237100,peripheral,0.300000,46,0.167187,Наблюдаемые признаки не достигли порогов других ролей; требуется ручная проверка.
100000008775471100,terminal,1.000000,34,0.346232,Видны входящие от 1 плательщиков; исходящие — 0% наблюдаемого входящего. Возможный конечный получатель.
100000008775747100,peripheral,0.100000,34,0.127845,Обрыв на четвёртом колене: дальнейшие исходящие не наблюдаются; конечный получатель не подтверждён.
100000008776298100,terminal,1.000000,32,0.199770,Видны входящие от 1 плательщиков; исходящие — 0% наблюдаемого входящего. Возможный конечный получатель.
100000008776310100,terminal,1.000000,30,0.136486,Видны входящие от 1 плательщиков; исходящие — 0% наблюдаемого входящего. Возможный конечный получатель.
100000008776420100,terminal,1.000000,30,0.235818,Видны входящие от 1 плательщиков; исходящие — 0% наблюдаемого входящего. Возможный конечный получатель.
100000008776576100,terminal,1.000000,32,0.115658,Видны входящие от 1 плательщиков; исходящие — 0% наблюдаемого входящего. Возможный конечный получатель.
100000008776720100,terminal,1.000000,30,0.165725,Видны входящие от 1 плательщиков; исходящие — 0% наблюдаемого входящего. Возможный конечный получатель.
100000008777088100,terminal,1.000000,32,0.132080,Видны входящие от 1 плательщиков; исходящие — 0% наблюдаемого входящего. Возможный конечный получатель.
100000008778010100,peripheral,0.100000,51,0.198562,Обрыв на четвёртом колене: дальнейшие исходящие не наблюдаются; конечный получатель не подтверждён.
100000008778753100,peripheral,0.100000,12,0.047828,Обрыв на четвёртом колене: дальнейшие исходящие не наблюдаются; конечный получатель не подтверждён.
100000008779584100,terminal,1.000000,32,0.181212,Видны входящие от 1 плательщиков; исходящие — 0% наблюдаемого входящего. Возможный конечный получатель.
100000008782056100,terminal,1.000000,32,0.173201,Видны входящие от 1 плательщиков; исходящие — 0% наблюдаемого входящего. Возможный конечный получатель.
100000008782421100,terminal,1.000000,32,0.211653,Видны входящие от 1 плательщиков; исходящие — 0% наблюдаемого входящего. Возможный конечный получатель.
100000008782800100,terminal,1.000000,32,0.200304,Видны входящие от 1 плательщиков; исходящие — 0% наблюдаемого входящего. Возможный конечный получатель.
